method,run,generation,best
repair_flip,0,0,551.0
repair_flip,0,1,551.0
repair_flip,0,2,619.0
repair_flip,0,3,619.0
repair_flip,0,4,619.0
repair_flip,0,5,619.0
repair_flip,0,6,634.0
repair_flip,0,7,636.0
repair_flip,0,8,636.0
repair_flip,0,9,636.0
repair_flip,0,10,640.0
repair_flip,0,11,640.0
repair_flip,0,12,640.0
repair_flip,0,13,640.0
repair_flip,0,14,640.0
repair_flip,0,15,640.0
repair_flip,0,16,640.0
repair_flip,0,17,640.0
repair_flip,0,18,640.0
repair_flip,0,19,640.0
repair_flip,0,20,640.0
repair_flip,0,21,640.0
repair_flip,0,22,644.0
repair_flip,0,23,644.0
repair_flip,0,24,644.0
repair_flip,0,25,644.0
repair_flip,0,26,644.0
repair_flip,0,27,644.0
repair_flip,0,28,644.0
repair_flip,0,29,644.0
repair_flip,0,30,644.0
repair_flip,0,31,644.0
repair_flip,0,32,644.0
repair_flip,0,33,644.0
repair_flip,0,34,644.0
repair_flip,0,35,644.0
repair_flip,0,36,644.0
repair_flip,0,37,644.0
repair_flip,0,38,644.0
repair_flip,0,39,644.0
repair_flip,0,40,644.0
repair_flip,0,41,644.0
repair_flip,0,42,644.0
repair_flip,0,43,644.0
repair_flip,0,44,644.0
repair_flip,0,45,644.0
repair_flip,0,46,644.0
repair_flip,0,47,644.0
repair_flip,0,48,644.0
repair_flip,0,49,644.0
repair_flip,0,50,644.0
repair_flip,0,51,644.0
repair_flip,0,52,644.0
repair_flip,0,53,644.0
repair_flip,0,54,644.0
repair_flip,0,55,644.0
repair_flip,0,56,644.0
repair_flip,0,57,644.0
repair_flip,0,58,644.0
repair_flip,0,59,644.0
repair_flip,0,60,644.0
repair_flip,0,61,644.0
repair_flip,0,62,644.0
repair_flip,0,63,644.0
repair_flip,1,0,565.0
repair_flip,1,1,570.0
repair_flip,1,2,626.0
repair_flip,1,3,627.0
repair_flip,1,4,648.0
repair_flip,1,5,648.0
repair_flip,1,6,648.0
repair_flip,1,7,648.0
repair_flip,1,8,648.0
repair_flip,1,9,648.0
repair_flip,1,10,648.0
repair_flip,1,11,648.0
repair_flip,1,12,648.0
repair_flip,1,13,648.0
repair_flip,1,14,648.0
repair_flip,1,15,648.0
repair_flip,1,16,648.0
repair_flip,1,17,648.0
repair_flip,1,18,648.0
repair_flip,1,19,648.0
repair_flip,1,20,648.0
repair_flip,1,21,648.0
repair_flip,1,22,648.0
repair_flip,1,23,648.0
repair_flip,1,24,648.0
repair_flip,1,25,648.0
repair_flip,1,26,648.0
repair_flip,1,27,648.0
repair_flip,1,28,648.0
repair_flip,1,29,648.0
repair_flip,1,30,648.0
repair_flip,1,31,648.0
repair_flip,1,32,648.0
repair_flip,1,33,648.0
repair_flip,1,34,648.0
repair_flip,1,35,648.0
repair_flip,1,36,648.0
repair_flip,1,37,648.0
repair_flip,1,38,648.0
repair_flip,1,39,648.0
repair_flip,1,40,648.0
repair_flip,1,41,648.0
repair_flip,1,42,648.0
repair_flip,1,43,648.0
repair_flip,1,44,648.0
repair_flip,1,45,648.0
repair_flip,1,46,648.0
repair_flip,1,47,648.0
repair_flip,1,48,648.0
repair_flip,1,49,648.0
repair_flip,1,50,648.0
repair_flip,1,51,648.0
repair_flip,1,52,648.0
repair_flip,1,53,648.0
repair_flip,1,54,648.0
repair_flip,1,55,648.0
repair_flip,1,56,648.0
repair_flip,1,57,648.0
repair_flip,1,58,648.0
repair_flip,1,59,648.0
repair_flip,1,60,648.0
repair_flip,1,61,648.0
repair_flip,1,62,648.0
repair_flip,1,63,648.0
repair_flip,2,0,513.0
repair_flip,2,1,544.0
repair_flip,2,2,559.0
repair_flip,2,3,559.0
repair_flip,2,4,608.0
repair_flip,2,5,624.0
repair_flip,2,6,624.0
repair_flip,2,7,631.0
repair_flip,2,8,631.0
repair_flip,2,9,631.0
repair_flip,2,10,631.0
repair_flip,2,11,648.0
repair_flip,2,12,648.0
repair_flip,2,13,648.0
repair_flip,2,14,648.0
repair_flip,2,15,648.0
repair_flip,2,16,648.0
repair_flip,2,17,648.0
repair_flip,2,18,648.0
repair_flip,2,19,648.0
repair_flip,2,20,648.0
repair_flip,2,21,648.0
repair_flip,2,22,648.0
repair_flip,2,23,648.0
repair_flip,2,24,648.0
repair_flip,2,25,648.0
repair_flip,2,26,648.0
repair_flip,2,27,648.0
repair_flip,2,28,648.0
repair_flip,2,29,648.0
repair_flip,2,30,648.0
repair_flip,2,31,648.0
repair_flip,2,32,648.0
repair_flip,2,33,648.0
repair_flip,2,34,648.0
repair_flip,2,35,648.0
repair_flip,2,36,648.0
repair_flip,2,37,648.0
repair_flip,2,38,648.0
repair_flip,2,39,648.0
repair_flip,2,40,648.0
repair_flip,2,41,648.0
repair_flip,2,42,648.0
repair_flip,2,43,648.0
repair_flip,2,44,648.0
repair_flip,2,45,648.0
repair_flip,2,46,648.0
repair_flip,2,47,648.0
repair_flip,2,48,648.0
repair_flip,2,49,648.0
repair_flip,2,50,648.0
repair_flip,2,51,648.0
repair_flip,2,52,648.0
repair_flip,2,53,648.0
repair_flip,2,54,648.0
repair_flip,2,55,648.0
repair_flip,2,56,648.0
repair_flip,2,57,648.0
repair_flip,2,58,648.0
repair_flip,2,59,648.0
repair_flip,2,60,648.0
repair_flip,2,61,648.0
repair_flip,2,62,648.0
repair_flip,2,63,648.0
repair_flip,3,0,563.0
repair_flip,3,1,563.0
repair_flip,3,2,620.0
repair_flip,3,3,648.0
repair_flip,3,4,648.0
repair_flip,3,5,648.0
repair_flip,3,6,648.0
repair_flip,3,7,648.0
repair_flip,3,8,648.0
repair_flip,3,9,648.0
repair_flip,3,10,648.0
repair_flip,3,11,648.0
repair_flip,3,12,648.0
repair_flip,3,13,648.0
repair_flip,3,14,648.0
repair_flip,3,15,648.0
repair_flip,3,16,648.0
repair_flip,3,17,648.0
repair_flip,3,18,648.0
repair_flip,3,19,648.0
repair_flip,3,20,648.0
repair_flip,3,21,648.0
repair_flip,3,22,648.0
repair_flip,3,23,648.0
repair_flip,3,24,648.0
repair_flip,3,25,648.0
repair_flip,3,26,648.0
repair_flip,3,27,648.0
repair_flip,3,28,648.0
repair_flip,3,29,648.0
repair_flip,3,30,648.0
repair_flip,3,31,648.0
repair_flip,3,32,648.0
repair_flip,3,33,648.0
repair_flip,3,34,648.0
repair_flip,3,35,648.0
repair_flip,3,36,648.0
repair_flip,3,37,648.0
repair_flip,3,38,648.0
repair_flip,3,39,648.0
repair_flip,3,40,648.0
repair_flip,3,41,648.0
repair_flip,3,42,648.0
repair_flip,3,43,648.0
repair_flip,3,44,648.0
repair_flip,3,45,648.0
repair_flip,3,46,648.0
repair_flip,3,47,648.0
repair_flip,3,48,648.0
repair_flip,3,49,648.0
repair_flip,3,50,648.0
repair_flip,3,51,648.0
repair_flip,3,52,648.0
repair_flip,3,53,648.0
repair_flip,3,54,648.0
repair_flip,3,55,648.0
repair_flip,3,56,648.0
repair_flip,3,57,648.0
repair_flip,3,58,648.0
repair_flip,3,59,648.0
repair_flip,3,60,648.0
repair_flip,3,61,648.0
repair_flip,3,62,648.0
repair_flip,3,63,648.0
repair_flip,4,0,543.0
repair_flip,4,1,566.0
repair_flip,4,2,619.0
repair_flip,4,3,619.0
repair_flip,4,4,619.0
repair_flip,4,5,624.0
repair_flip,4,6,634.0
repair_flip,4,7,638.0
repair_flip,4,8,638.0
repair_flip,4,9,640.0
repair_flip,4,10,640.0
repair_flip,4,11,648.0
repair_flip,4,12,648.0
repair_flip,4,13,648.0
repair_flip,4,14,648.0
repair_flip,4,15,648.0
repair_flip,4,16,648.0
repair_flip,4,17,648.0
repair_flip,4,18,648.0
repair_flip,4,19,648.0
repair_flip,4,20,648.0
repair_flip,4,21,648.0
repair_flip,4,22,648.0
repair_flip,4,23,648.0
repair_flip,4,24,648.0
repair_flip,4,25,648.0
repair_flip,4,26,648.0
repair_flip,4,27,648.0
repair_flip,4,28,648.0
repair_flip,4,29,648.0
repair_flip,4,30,648.0
repair_flip,4,31,648.0
repair_flip,4,32,648.0
repair_flip,4,33,648.0
repair_flip,4,34,648.0
repair_flip,4,35,648.0
repair_flip,4,36,648.0
repair_flip,4,37,648.0
repair_flip,4,38,648.0
repair_flip,4,39,648.0
repair_flip,4,40,648.0
repair_flip,4,41,648.0
repair_flip,4,42,648.0
repair_flip,4,43,648.0
repair_flip,4,44,648.0
repair_flip,4,45,648.0
repair_flip,4,46,648.0
repair_flip,4,47,648.0
repair_flip,4,48,648.0
repair_flip,4,49,648.0
repair_flip,4,50,648.0
repair_flip,4,51,648.0
repair_flip,4,52,648.0
repair_flip,4,53,648.0
repair_flip,4,54,648.0
repair_flip,4,55,648.0
repair_flip,4,56,648.0
repair_flip,4,57,648.0
repair_flip,4,58,648.0
repair_flip,4,59,648.0
repair_flip,4,60,648.0
repair_flip,4,61,648.0
repair_flip,4,62,648.0
repair_flip,4,63,648.0
repair_flip,5,0,497.0
repair_flip,5,1,535.0
repair_flip,5,2,584.0
repair_flip,5,3,606.0
repair_flip,5,4,606.0
repair_flip,5,5,619.0
repair_flip,5,6,623.0
repair_flip,5,7,634.0
repair_flip,5,8,640.0
repair_flip,5,9,640.0
repair_flip,5,10,640.0
repair_flip,5,11,640.0
repair_flip,5,12,640.0
repair_flip,5,13,640.0
repair_flip,5,14,640.0
repair_flip,5,15,640.0
repair_flip,5,16,640.0
repair_flip,5,17,640.0
repair_flip,5,18,640.0
repair_flip,5,19,640.0
repair_flip,5,20,640.0
repair_flip,5,21,640.0
repair_flip,5,22,640.0
repair_flip,5,23,640.0
repair_flip,5,24,640.0
repair_flip,5,25,640.0
repair_flip,5,26,640.0
repair_flip,5,27,640.0
repair_flip,5,28,640.0
repair_flip,5,29,640.0
repair_flip,5,30,644.0
repair_flip,5,31,644.0
repair_flip,5,32,644.0
repair_flip,5,33,644.0
repair_flip,5,34,644.0
repair_flip,5,35,644.0
repair_flip,5,36,644.0
repair_flip,5,37,644.0
repair_flip,5,38,644.0
repair_flip,5,39,644.0
repair_flip,5,40,644.0
repair_flip,5,41,644.0
repair_flip,5,42,644.0
repair_flip,5,43,644.0
repair_flip,5,44,644.0
repair_flip,5,45,644.0
repair_flip,5,46,644.0
repair_flip,5,47,644.0
repair_flip,5,48,644.0
repair_flip,5,49,644.0
repair_flip,5,50,644.0
repair_flip,5,51,644.0
repair_flip,5,52,644.0
repair_flip,5,53,644.0
repair_flip,5,54,644.0
repair_flip,5,55,644.0
repair_flip,5,56,644.0
repair_flip,5,57,644.0
repair_flip,5,58,644.0
repair_flip,5,59,644.0
repair_flip,5,60,644.0
repair_flip,5,61,644.0
repair_flip,5,62,644.0
repair_flip,5,63,644.0
repair_flip,6,0,497.0
repair_flip,6,1,549.0
repair_flip,6,2,562.0
repair_flip,6,3,631.0
repair_flip,6,4,631.0
repair_flip,6,5,631.0
repair_flip,6,6,644.0
repair_flip,6,7,644.0
repair_flip,6,8,644.0
repair_flip,6,9,644.0
repair_flip,6,10,644.0
repair_flip,6,11,644.0
repair_flip,6,12,644.0
repair_flip,6,13,644.0
repair_flip,6,14,644.0
repair_flip,6,15,644.0
repair_flip,6,16,644.0
repair_flip,6,17,644.0
repair_flip,6,18,644.0
repair_flip,6,19,644.0
repair_flip,6,20,644.0
repair_flip,6,21,644.0
repair_flip,6,22,644.0
repair_flip,6,23,644.0
repair_flip,6,24,644.0
repair_flip,6,25,644.0
repair_flip,6,26,644.0
repair_flip,6,27,644.0
repair_flip,6,28,644.0
repair_flip,6,29,644.0
repair_flip,6,30,644.0
repair_flip,6,31,644.0
repair_flip,6,32,644.0
repair_flip,6,33,644.0
repair_flip,6,34,644.0
repair_flip,6,35,644.0
repair_flip,6,36,644.0
repair_flip,6,37,644.0
repair_flip,6,38,644.0
repair_flip,6,39,644.0
repair_flip,6,40,644.0
repair_flip,6,41,644.0
repair_flip,6,42,644.0
repair_flip,6,43,644.0
repair_flip,6,44,644.0
repair_flip,6,45,644.0
repair_flip,6,46,644.0
repair_flip,6,47,644.0
repair_flip,6,48,644.0
repair_flip,6,49,644.0
repair_flip,6,50,644.0
repair_flip,6,51,644.0
repair_flip,6,52,644.0
repair_flip,6,53,644.0
repair_flip,6,54,644.0
repair_flip,6,55,644.0
repair_flip,6,56,644.0
repair_flip,6,57,644.0
repair_flip,6,58,644.0
repair_flip,6,59,644.0
repair_flip,6,60,644.0
repair_flip,6,61,644.0
repair_flip,6,62,644.0
repair_flip,6,63,644.0
repair_flip,7,0,581.0
repair_flip,7,1,624.0
repair_flip,7,2,648.0
repair_flip,7,3,648.0
repair_flip,7,4,648.0
repair_flip,7,5,648.0
repair_flip,7,6,648.0
repair_flip,7,7,648.0
repair_flip,7,8,648.0
repair_flip,7,9,648.0
repair_flip,7,10,648.0
repair_flip,7,11,648.0
repair_flip,7,12,648.0
repair_flip,7,13,648.0
repair_flip,7,14,648.0
repair_flip,7,15,648.0
repair_flip,7,16,648.0
repair_flip,7,17,648.0
repair_flip,7,18,648.0
repair_flip,7,19,648.0
repair_flip,7,20,648.0
repair_flip,7,21,648.0
repair_flip,7,22,648.0
repair_flip,7,23,648.0
repair_flip,7,24,648.0
repair_flip,7,25,648.0
repair_flip,7,26,648.0
repair_flip,7,27,648.0
repair_flip,7,28,648.0
repair_flip,7,29,648.0
repair_flip,7,30,648.0
repair_flip,7,31,648.0
repair_flip,7,32,648.0
repair_flip,7,33,648.0
repair_flip,7,34,648.0
repair_flip,7,35,648.0
repair_flip,7,36,648.0
repair_flip,7,37,648.0
repair_flip,7,38,648.0
repair_flip,7,39,648.0
repair_flip,7,40,648.0
repair_flip,7,41,648.0
repair_flip,7,42,648.0
repair_flip,7,43,648.0
repair_flip,7,44,648.0
repair_flip,7,45,648.0
repair_flip,7,46,648.0
repair_flip,7,47,648.0
repair_flip,7,48,648.0
repair_flip,7,49,648.0
repair_flip,7,50,648.0
repair_flip,7,51,648.0
repair_flip,7,52,648.0
repair_flip,7,53,648.0
repair_flip,7,54,648.0
repair_flip,7,55,648.0
repair_flip,7,56,648.0
repair_flip,7,57,648.0
repair_flip,7,58,648.0
repair_flip,7,59,648.0
repair_flip,7,60,648.0
repair_flip,7,61,648.0
repair_flip,7,62,648.0
repair_flip,7,63,648.0
repair_flip,8,0,491.0
repair_flip,8,1,579.0
repair_flip,8,2,595.0
repair_flip,8,3,595.0
repair_flip,8,4,614.0
repair_flip,8,5,644.0
repair_flip,8,6,644.0
repair_flip,8,7,644.0
repair_flip,8,8,644.0
repair_flip,8,9,644.0
repair_flip,8,10,644.0
repair_flip,8,11,644.0
repair_flip,8,12,644.0
repair_flip,8,13,644.0
repair_flip,8,14,644.0
repair_flip,8,15,644.0
repair_flip,8,16,644.0
repair_flip,8,17,644.0
repair_flip,8,18,644.0
repair_flip,8,19,644.0
repair_flip,8,20,644.0
repair_flip,8,21,644.0
repair_flip,8,22,644.0
repair_flip,8,23,644.0
repair_flip,8,24,644.0
repair_flip,8,25,644.0
repair_flip,8,26,644.0
repair_flip,8,27,644.0
repair_flip,8,28,644.0
repair_flip,8,29,644.0
repair_flip,8,30,644.0
repair_flip,8,31,644.0
repair_flip,8,32,644.0
repair_flip,8,33,644.0
repair_flip,8,34,644.0
repair_flip,8,35,644.0
repair_flip,8,36,644.0
repair_flip,8,37,644.0
repair_flip,8,38,644.0
repair_flip,8,39,644.0
repair_flip,8,40,644.0
repair_flip,8,41,644.0
repair_flip,8,42,644.0
repair_flip,8,43,644.0
repair_flip,8,44,644.0
repair_flip,8,45,644.0
repair_flip,8,46,644.0
repair_flip,8,47,644.0
repair_flip,8,48,644.0
repair_flip,8,49,644.0
repair_flip,8,50,644.0
repair_flip,8,51,644.0
repair_flip,8,52,644.0
repair_flip,8,53,644.0
repair_flip,8,54,644.0
repair_flip,8,55,644.0
repair_flip,8,56,644.0
repair_flip,8,57,644.0
repair_flip,8,58,644.0
repair_flip,8,59,644.0
repair_flip,8,60,644.0
repair_flip,8,61,644.0
repair_flip,8,62,644.0
repair_flip,8,63,644.0
repair_flip,9,0,570.0
repair_flip,9,1,590.0
repair_flip,9,2,590.0
repair_flip,9,3,590.0
repair_flip,9,4,617.0
repair_flip,9,5,617.0
repair_flip,9,6,617.0
repair_flip,9,7,617.0
repair_flip,9,8,636.0
repair_flip,9,9,636.0
repair_flip,9,10,636.0
repair_flip,9,11,636.0
repair_flip,9,12,637.0
repair_flip,9,13,637.0
repair_flip,9,14,637.0
repair_flip,9,15,637.0
repair_flip,9,16,637.0
repair_flip,9,17,637.0
repair_flip,9,18,637.0
repair_flip,9,19,637.0
repair_flip,9,20,637.0
repair_flip,9,21,637.0
repair_flip,9,22,637.0
repair_flip,9,23,637.0
repair_flip,9,24,637.0
repair_flip,9,25,637.0
repair_flip,9,26,637.0
repair_flip,9,27,637.0
repair_flip,9,28,637.0
repair_flip,9,29,637.0
repair_flip,9,30,637.0
repair_flip,9,31,637.0
repair_flip,9,32,637.0
repair_flip,9,33,637.0
repair_flip,9,34,637.0
repair_flip,9,35,637.0
repair_flip,9,36,637.0
repair_flip,9,37,637.0
repair_flip,9,38,637.0
repair_flip,9,39,637.0
repair_flip,9,40,637.0
repair_flip,9,41,637.0
repair_flip,9,42,637.0
repair_flip,9,43,637.0
repair_flip,9,44,637.0
repair_flip,9,45,637.0
repair_flip,9,46,637.0
repair_flip,9,47,637.0
repair_flip,9,48,637.0
repair_flip,9,49,637.0
repair_flip,9,50,637.0
repair_flip,9,51,637.0
repair_flip,9,52,637.0
repair_flip,9,53,637.0
repair_flip,9,54,637.0
repair_flip,9,55,637.0
repair_flip,9,56,637.0
repair_flip,9,57,637.0
repair_flip,9,58,637.0
repair_flip,9,59,637.0
repair_flip,9,60,637.0
repair_flip,9,61,637.0
repair_flip,9,62,637.0
repair_flip,9,63,637.0
repair_flip,10,0,560.0
repair_flip,10,1,611.0
repair_flip,10,2,611.0
repair_flip,10,3,644.0
repair_flip,10,4,644.0
repair_flip,10,5,644.0
repair_flip,10,6,644.0
repair_flip,10,7,644.0
repair_flip,10,8,644.0
repair_flip,10,9,644.0
repair_flip,10,10,644.0
repair_flip,10,11,644.0
repair_flip,10,12,644.0
repair_flip,10,13,644.0
repair_flip,10,14,644.0
repair_flip,10,15,644.0
repair_flip,10,16,644.0
repair_flip,10,17,644.0
repair_flip,10,18,644.0
repair_flip,10,19,644.0
repair_flip,10,20,644.0
repair_flip,10,21,644.0
repair_flip,10,22,644.0
repair_flip,10,23,644.0
repair_flip,10,24,644.0
repair_flip,10,25,644.0
repair_flip,10,26,644.0
repair_flip,10,27,644.0
repair_flip,10,28,644.0
repair_flip,10,29,644.0
repair_flip,10,30,644.0
repair_flip,10,31,644.0
repair_flip,10,32,644.0
repair_flip,10,33,644.0
repair_flip,10,34,644.0
repair_flip,10,35,644.0
repair_flip,10,36,644.0
repair_flip,10,37,644.0
repair_flip,10,38,644.0
repair_flip,10,39,644.0
repair_flip,10,40,644.0
repair_flip,10,41,644.0
repair_flip,10,42,644.0
repair_flip,10,43,644.0
repair_flip,10,44,644.0
repair_flip,10,45,644.0
repair_flip,10,46,644.0
repair_flip,10,47,644.0
repair_flip,10,48,644.0
repair_flip,10,49,644.0
repair_flip,10,50,644.0
repair_flip,10,51,644.0
repair_flip,10,52,644.0
repair_flip,10,53,644.0
repair_flip,10,54,644.0
repair_flip,10,55,644.0
repair_flip,10,56,644.0
repair_flip,10,57,644.0
repair_flip,10,58,644.0
repair_flip,10,59,644.0
repair_flip,10,60,644.0
repair_flip,10,61,644.0
repair_flip,10,62,644.0
repair_flip,10,63,644.0
repair_flip,11,0,527.0
repair_flip,11,1,571.0
repair_flip,11,2,571.0
repair_flip,11,3,636.0
repair_flip,11,4,636.0
repair_flip,11,5,636.0
repair_flip,11,6,636.0
repair_flip,11,7,636.0
repair_flip,11,8,636.0
repair_flip,11,9,636.0
repair_flip,11,10,636.0
repair_flip,11,11,636.0
repair_flip,11,12,636.0
repair_flip,11,13,636.0
repair_flip,11,14,636.0
repair_flip,11,15,636.0
repair_flip,11,16,636.0
repair_flip,11,17,636.0
repair_flip,11,18,636.0
repair_flip,11,19,636.0
repair_flip,11,20,636.0
repair_flip,11,21,644.0
repair_flip,11,22,644.0
repair_flip,11,23,644.0
repair_flip,11,24,644.0
repair_flip,11,25,644.0
repair_flip,11,26,644.0
repair_flip,11,27,644.0
repair_flip,11,28,644.0
repair_flip,11,29,644.0
repair_flip,11,30,644.0
repair_flip,11,31,644.0
repair_flip,11,32,644.0
repair_flip,11,33,644.0
repair_flip,11,34,644.0
repair_flip,11,35,644.0
repair_flip,11,36,644.0
repair_flip,11,37,644.0
repair_flip,11,38,644.0
repair_flip,11,39,644.0
repair_flip,11,40,644.0
repair_flip,11,41,644.0
repair_flip,11,42,644.0
repair_flip,11,43,644.0
repair_flip,11,44,644.0
repair_flip,11,45,644.0
repair_flip,11,46,644.0
repair_flip,11,47,644.0
repair_flip,11,48,644.0
repair_flip,11,49,644.0
repair_flip,11,50,644.0
repair_flip,11,51,644.0
repair_flip,11,52,644.0
repair_flip,11,53,644.0
repair_flip,11,54,644.0
repair_flip,11,55,644.0
repair_flip,11,56,644.0
repair_flip,11,57,644.0
repair_flip,11,58,644.0
repair_flip,11,59,644.0
repair_flip,11,60,644.0
repair_flip,11,61,644.0
repair_flip,11,62,644.0
repair_flip,11,63,644.0
repair_flip,12,0,581.0
repair_flip,12,1,613.0
repair_flip,12,2,613.0
repair_flip,12,3,629.0
repair_flip,12,4,648.0
repair_flip,12,5,648.0
repair_flip,12,6,648.0
repair_flip,12,7,648.0
repair_flip,12,8,648.0
repair_flip,12,9,648.0
repair_flip,12,10,648.0
repair_flip,12,11,648.0
repair_flip,12,12,648.0
repair_flip,12,13,648.0
repair_flip,12,14,648.0
repair_flip,12,15,648.0
repair_flip,12,16,648.0
repair_flip,12,17,648.0
repair_flip,12,18,648.0
repair_flip,12,19,648.0
repair_flip,12,20,648.0
repair_flip,12,21,648.0
repair_flip,12,22,648.0
repair_flip,12,23,648.0
repair_flip,12,24,648.0
repair_flip,12,25,648.0
repair_flip,12,26,648.0
repair_flip,12,27,648.0
repair_flip,12,28,648.0
repair_flip,12,29,648.0
repair_flip,12,30,648.0
repair_flip,12,31,648.0
repair_flip,12,32,648.0
repair_flip,12,33,648.0
repair_flip,12,34,648.0
repair_flip,12,35,648.0
repair_flip,12,36,648.0
repair_flip,12,37,648.0
repair_flip,12,38,648.0
repair_flip,12,39,648.0
repair_flip,12,40,648.0
repair_flip,12,41,648.0
repair_flip,12,42,648.0
repair_flip,12,43,648.0
repair_flip,12,44,648.0
repair_flip,12,45,648.0
repair_flip,12,46,648.0
repair_flip,12,47,648.0
repair_flip,12,48,648.0
repair_flip,12,49,648.0
repair_flip,12,50,648.0
repair_flip,12,51,648.0
repair_flip,12,52,648.0
repair_flip,12,53,648.0
repair_flip,12,54,648.0
repair_flip,12,55,648.0
repair_flip,12,56,648.0
repair_flip,12,57,648.0
repair_flip,12,58,648.0
repair_flip,12,59,648.0
repair_flip,12,60,648.0
repair_flip,12,61,648.0
repair_flip,12,62,648.0
repair_flip,12,63,648.0
repair_flip,13,0,519.0
repair_flip,13,1,540.0
repair_flip,13,2,620.0
repair_flip,13,3,620.0
repair_flip,13,4,620.0
repair_flip,13,5,620.0
repair_flip,13,6,637.0
repair_flip,13,7,637.0
repair_flip,13,8,637.0
repair_flip,13,9,637.0
repair_flip,13,10,637.0
repair_flip,13,11,637.0
repair_flip,13,12,637.0
repair_flip,13,13,637.0
repair_flip,13,14,637.0
repair_flip,13,15,637.0
repair_flip,13,16,637.0
repair_flip,13,17,637.0
repair_flip,13,18,637.0
repair_flip,13,19,637.0
repair_flip,13,20,637.0
repair_flip,13,21,637.0
repair_flip,13,22,637.0
repair_flip,13,23,637.0
repair_flip,13,24,637.0
repair_flip,13,25,637.0
repair_flip,13,26,637.0
repair_flip,13,27,637.0
repair_flip,13,28,637.0
repair_flip,13,29,637.0
repair_flip,13,30,637.0
repair_flip,13,31,637.0
repair_flip,13,32,637.0
repair_flip,13,33,637.0
repair_flip,13,34,637.0
repair_flip,13,35,637.0
repair_flip,13,36,637.0
repair_flip,13,37,637.0
repair_flip,13,38,637.0
repair_flip,13,39,637.0
repair_flip,13,40,637.0
repair_flip,13,41,637.0
repair_flip,13,42,637.0
repair_flip,13,43,637.0
repair_flip,13,44,637.0
repair_flip,13,45,637.0
repair_flip,13,46,637.0
repair_flip,13,47,637.0
repair_flip,13,48,637.0
repair_flip,13,49,637.0
repair_flip,13,50,637.0
repair_flip,13,51,637.0
repair_flip,13,52,637.0
repair_flip,13,53,637.0
repair_flip,13,54,637.0
repair_flip,13,55,637.0
repair_flip,13,56,637.0
repair_flip,13,57,637.0
repair_flip,13,58,637.0
repair_flip,13,59,637.0
repair_flip,13,60,637.0
repair_flip,13,61,637.0
repair_flip,13,62,637.0
repair_flip,13,63,637.0
repair_flip,14,0,547.0
repair_flip,14,1,547.0
repair_flip,14,2,571.0
repair_flip,14,3,572.0
repair_flip,14,4,638.0
repair_flip,14,5,644.0
repair_flip,14,6,644.0
repair_flip,14,7,644.0
repair_flip,14,8,644.0
repair_flip,14,9,644.0
repair_flip,14,10,644.0
repair_flip,14,11,644.0
repair_flip,14,12,644.0
repair_flip,14,13,644.0
repair_flip,14,14,644.0
repair_flip,14,15,644.0
repair_flip,14,16,644.0
repair_flip,14,17,644.0
repair_flip,14,18,644.0
repair_flip,14,19,644.0
repair_flip,14,20,644.0
repair_flip,14,21,644.0
repair_flip,14,22,644.0
repair_flip,14,23,644.0
repair_flip,14,24,644.0
repair_flip,14,25,644.0
repair_flip,14,26,644.0
repair_flip,14,27,644.0
repair_flip,14,28,644.0
repair_flip,14,29,644.0
repair_flip,14,30,644.0
repair_flip,14,31,644.0
repair_flip,14,32,644.0
repair_flip,14,33,644.0
repair_flip,14,34,644.0
repair_flip,14,35,644.0
repair_flip,14,36,644.0
repair_flip,14,37,644.0
repair_flip,14,38,644.0
repair_flip,14,39,644.0
repair_flip,14,40,644.0
repair_flip,14,41,644.0
repair_flip,14,42,644.0
repair_flip,14,43,644.0
repair_flip,14,44,644.0
repair_flip,14,45,644.0
repair_flip,14,46,644.0
repair_flip,14,47,644.0
repair_flip,14,48,644.0
repair_flip,14,49,644.0
repair_flip,14,50,644.0
repair_flip,14,51,644.0
repair_flip,14,52,644.0
repair_flip,14,53,644.0
repair_flip,14,54,644.0
repair_flip,14,55,644.0
repair_flip,14,56,644.0
repair_flip,14,57,644.0
repair_flip,14,58,644.0
repair_flip,14,59,644.0
repair_flip,14,60,644.0
repair_flip,14,61,644.0
repair_flip,14,62,644.0
repair_flip,14,63,644.0
repair_flip,15,0,581.0
repair_flip,15,1,588.0
repair_flip,15,2,588.0
repair_flip,15,3,648.0
repair_flip,15,4,648.0
repair_flip,15,5,648.0
repair_flip,15,6,648.0
repair_flip,15,7,648.0
repair_flip,15,8,648.0
repair_flip,15,9,648.0
repair_flip,15,10,648.0
repair_flip,15,11,648.0
repair_flip,15,12,648.0
repair_flip,15,13,648.0
repair_flip,15,14,648.0
repair_flip,15,15,648.0
repair_flip,15,16,648.0
repair_flip,15,17,648.0
repair_flip,15,18,648.0
repair_flip,15,19,648.0
repair_flip,15,20,648.0
repair_flip,15,21,648.0
repair_flip,15,22,648.0
repair_flip,15,23,648.0
repair_flip,15,24,648.0
repair_flip,15,25,648.0
repair_flip,15,26,648.0
repair_flip,15,27,648.0
repair_flip,15,28,648.0
repair_flip,15,29,648.0
repair_flip,15,30,648.0
repair_flip,15,31,648.0
repair_flip,15,32,648.0
repair_flip,15,33,648.0
repair_flip,15,34,648.0
repair_flip,15,35,648.0
repair_flip,15,36,648.0
repair_flip,15,37,648.0
repair_flip,15,38,648.0
repair_flip,15,39,648.0
repair_flip,15,40,648.0
repair_flip,15,41,648.0
repair_flip,15,42,648.0
repair_flip,15,43,648.0
repair_flip,15,44,648.0
repair_flip,15,45,648.0
repair_flip,15,46,648.0
repair_flip,15,47,648.0
repair_flip,15,48,648.0
repair_flip,15,49,648.0
repair_flip,15,50,648.0
repair_flip,15,51,648.0
repair_flip,15,52,648.0
repair_flip,15,53,648.0
repair_flip,15,54,648.0
repair_flip,15,55,648.0
repair_flip,15,56,648.0
repair_flip,15,57,648.0
repair_flip,15,58,648.0
repair_flip,15,59,648.0
repair_flip,15,60,648.0
repair_flip,15,61,648.0
repair_flip,15,62,648.0
repair_flip,15,63,648.0
repair_flip,16,0,547.0
repair_flip,16,1,547.0
repair_flip,16,2,592.0
repair_flip,16,3,627.0
repair_flip,16,4,627.0
repair_flip,16,5,640.0
repair_flip,16,6,640.0
repair_flip,16,7,640.0
repair_flip,16,8,640.0
repair_flip,16,9,648.0
repair_flip,16,10,648.0
repair_flip,16,11,648.0
repair_flip,16,12,648.0
repair_flip,16,13,648.0
repair_flip,16,14,648.0
repair_flip,16,15,648.0
repair_flip,16,16,648.0
repair_flip,16,17,648.0
repair_flip,16,18,648.0
repair_flip,16,19,648.0
repair_flip,16,20,648.0
repair_flip,16,21,648.0
repair_flip,16,22,648.0
repair_flip,16,23,648.0
repair_flip,16,24,648.0
repair_flip,16,25,648.0
repair_flip,16,26,648.0
repair_flip,16,27,648.0
repair_flip,16,28,648.0
repair_flip,16,29,648.0
repair_flip,16,30,648.0
repair_flip,16,31,648.0
repair_flip,16,32,648.0
repair_flip,16,33,648.0
repair_flip,16,34,648.0
repair_flip,16,35,648.0
repair_flip,16,36,648.0
repair_flip,16,37,648.0
repair_flip,16,38,648.0
repair_flip,16,39,648.0
repair_flip,16,40,648.0
repair_flip,16,41,648.0
repair_flip,16,42,648.0
repair_flip,16,43,648.0
repair_flip,16,44,648.0
repair_flip,16,45,648.0
repair_flip,16,46,648.0
repair_flip,16,47,648.0
repair_flip,16,48,648.0
repair_flip,16,49,648.0
repair_flip,16,50,648.0
repair_flip,16,51,648.0
repair_flip,16,52,648.0
repair_flip,16,53,648.0
repair_flip,16,54,648.0
repair_flip,16,55,648.0
repair_flip,16,56,648.0
repair_flip,16,57,648.0
repair_flip,16,58,648.0
repair_flip,16,59,648.0
repair_flip,16,60,648.0
repair_flip,16,61,648.0
repair_flip,16,62,648.0
repair_flip,16,63,648.0
repair_flip,17,0,540.0
repair_flip,17,1,549.0
repair_flip,17,2,564.0
repair_flip,17,3,622.0
repair_flip,17,4,624.0
repair_flip,17,5,648.0
repair_flip,17,6,648.0
repair_flip,17,7,648.0
repair_flip,17,8,648.0
repair_flip,17,9,648.0
repair_flip,17,10,648.0
repair_flip,17,11,648.0
repair_flip,17,12,648.0
repair_flip,17,13,648.0
repair_flip,17,14,648.0
repair_flip,17,15,648.0
repair_flip,17,16,648.0
repair_flip,17,17,648.0
repair_flip,17,18,648.0
repair_flip,17,19,648.0
repair_flip,17,20,648.0
repair_flip,17,21,648.0
repair_flip,17,22,648.0
repair_flip,17,23,648.0
repair_flip,17,24,648.0
repair_flip,17,25,648.0
repair_flip,17,26,648.0
repair_flip,17,27,648.0
repair_flip,17,28,648.0
repair_flip,17,29,648.0
repair_flip,17,30,648.0
repair_flip,17,31,648.0
repair_flip,17,32,648.0
repair_flip,17,33,648.0
repair_flip,17,34,648.0
repair_flip,17,35,648.0
repair_flip,17,36,648.0
repair_flip,17,37,648.0
repair_flip,17,38,648.0
repair_flip,17,39,648.0
repair_flip,17,40,648.0
repair_flip,17,41,648.0
repair_flip,17,42,648.0
repair_flip,17,43,648.0
repair_flip,17,44,648.0
repair_flip,17,45,648.0
repair_flip,17,46,648.0
repair_flip,17,47,648.0
repair_flip,17,48,648.0
repair_flip,17,49,648.0
repair_flip,17,50,648.0
repair_flip,17,51,648.0
repair_flip,17,52,648.0
repair_flip,17,53,648.0
repair_flip,17,54,648.0
repair_flip,17,55,648.0
repair_flip,17,56,648.0
repair_flip,17,57,648.0
repair_flip,17,58,648.0
repair_flip,17,59,648.0
repair_flip,17,60,648.0
repair_flip,17,61,648.0
repair_flip,17,62,648.0
repair_flip,17,63,648.0
repair_flip,18,0,498.0
repair_flip,18,1,557.0
repair_flip,18,2,568.0
repair_flip,18,3,613.0
repair_flip,18,4,613.0
repair_flip,18,5,636.0
repair_flip,18,6,636.0
repair_flip,18,7,648.0
repair_flip,18,8,648.0
repair_flip,18,9,648.0
repair_flip,18,10,648.0
repair_flip,18,11,648.0
repair_flip,18,12,648.0
repair_flip,18,13,648.0
repair_flip,18,14,648.0
repair_flip,18,15,648.0
repair_flip,18,16,648.0
repair_flip,18,17,648.0
repair_flip,18,18,648.0
repair_flip,18,19,648.0
repair_flip,18,20,648.0
repair_flip,18,21,648.0
repair_flip,18,22,648.0
repair_flip,18,23,648.0
repair_flip,18,24,648.0
repair_flip,18,25,648.0
repair_flip,18,26,648.0
repair_flip,18,27,648.0
repair_flip,18,28,648.0
repair_flip,18,29,648.0
repair_flip,18,30,648.0
repair_flip,18,31,648.0
repair_flip,18,32,648.0
repair_flip,18,33,648.0
repair_flip,18,34,648.0
repair_flip,18,35,648.0
repair_flip,18,36,648.0
repair_flip,18,37,648.0
repair_flip,18,38,648.0
repair_flip,18,39,648.0
repair_flip,18,40,648.0
repair_flip,18,41,648.0
repair_flip,18,42,648.0
repair_flip,18,43,648.0
repair_flip,18,44,648.0
repair_flip,18,45,648.0
repair_flip,18,46,648.0
repair_flip,18,47,648.0
repair_flip,18,48,648.0
repair_flip,18,49,648.0
repair_flip,18,50,648.0
repair_flip,18,51,648.0
repair_flip,18,52,648.0
repair_flip,18,53,648.0
repair_flip,18,54,648.0
repair_flip,18,55,648.0
repair_flip,18,56,648.0
repair_flip,18,57,648.0
repair_flip,18,58,648.0
repair_flip,18,59,648.0
repair_flip,18,60,648.0
repair_flip,18,61,648.0
repair_flip,18,62,648.0
repair_flip,18,63,648.0
repair_flip,19,0,537.0
repair_flip,19,1,570.0
repair_flip,19,2,588.0
repair_flip,19,3,612.0
repair_flip,19,4,632.0
repair_flip,19,5,636.0
repair_flip,19,6,636.0
repair_flip,19,7,636.0
repair_flip,19,8,644.0
repair_flip,19,9,644.0
repair_flip,19,10,644.0
repair_flip,19,11,644.0
repair_flip,19,12,644.0
repair_flip,19,13,644.0
repair_flip,19,14,644.0
repair_flip,19,15,644.0
repair_flip,19,16,644.0
repair_flip,19,17,644.0
repair_flip,19,18,644.0
repair_flip,19,19,644.0
repair_flip,19,20,644.0
repair_flip,19,21,644.0
repair_flip,19,22,644.0
repair_flip,19,23,644.0
repair_flip,19,24,644.0
repair_flip,19,25,644.0
repair_flip,19,26,644.0
repair_flip,19,27,644.0
repair_flip,19,28,644.0
repair_flip,19,29,644.0
repair_flip,19,30,644.0
repair_flip,19,31,644.0
repair_flip,19,32,644.0
repair_flip,19,33,644.0
repair_flip,19,34,644.0
repair_flip,19,35,644.0
repair_flip,19,36,644.0
repair_flip,19,37,644.0
repair_flip,19,38,644.0
repair_flip,19,39,644.0
repair_flip,19,40,644.0
repair_flip,19,41,644.0
repair_flip,19,42,644.0
repair_flip,19,43,644.0
repair_flip,19,44,644.0
repair_flip,19,45,644.0
repair_flip,19,46,644.0
repair_flip,19,47,644.0
repair_flip,19,48,644.0
repair_flip,19,49,644.0
repair_flip,19,50,644.0
repair_flip,19,51,644.0
repair_flip,19,52,644.0
repair_flip,19,53,644.0
repair_flip,19,54,644.0
repair_flip,19,55,644.0
repair_flip,19,56,644.0
repair_flip,19,57,644.0
repair_flip,19,58,644.0
repair_flip,19,59,644.0
repair_flip,19,60,644.0
repair_flip,19,61,644.0
repair_flip,19,62,644.0
repair_flip,19,63,644.0
penalty_flip,0,0,382.0
penalty_flip,0,1,467.0
penalty_flip,0,2,467.0
penalty_flip,0,3,467.0
penalty_flip,0,4,491.0
penalty_flip,0,5,518.0
penalty_flip,0,6,518.0
penalty_flip,0,7,518.0
penalty_flip,0,8,536.0
penalty_flip,0,9,536.0
penalty_flip,0,10,536.0
penalty_flip,0,11,561.0
penalty_flip,0,12,561.0
penalty_flip,0,13,561.0
penalty_flip,0,14,561.0
penalty_flip,0,15,561.0
penalty_flip,0,16,581.0
penalty_flip,0,17,581.0
penalty_flip,0,18,581.0
penalty_flip,0,19,581.0
penalty_flip,0,20,581.0
penalty_flip,0,21,581.0
penalty_flip,0,22,581.0
penalty_flip,0,23,581.0
penalty_flip,0,24,581.0
penalty_flip,0,25,581.0
penalty_flip,0,26,581.0
penalty_flip,0,27,581.0
penalty_flip,0,28,581.0
penalty_flip,0,29,581.0
penalty_flip,0,30,581.0
penalty_flip,0,31,581.0
penalty_flip,0,32,581.0
penalty_flip,0,33,581.0
penalty_flip,0,34,581.0
penalty_flip,0,35,581.0
penalty_flip,0,36,581.0
penalty_flip,0,37,581.0
penalty_flip,0,38,581.0
penalty_flip,0,39,581.0
penalty_flip,0,40,581.0
penalty_flip,0,41,581.0
penalty_flip,0,42,581.0
penalty_flip,0,43,581.0
penalty_flip,0,44,581.0
penalty_flip,0,45,581.0
penalty_flip,0,46,581.0
penalty_flip,0,47,581.0
penalty_flip,0,48,581.0
penalty_flip,0,49,581.0
penalty_flip,0,50,581.0
penalty_flip,0,51,581.0
penalty_flip,0,52,581.0
penalty_flip,0,53,581.0
penalty_flip,0,54,581.0
penalty_flip,0,55,581.0
penalty_flip,0,56,581.0
penalty_flip,0,57,581.0
penalty_flip,0,58,581.0
penalty_flip,0,59,581.0
penalty_flip,0,60,581.0
penalty_flip,0,61,581.0
penalty_flip,0,62,581.0
penalty_flip,0,63,581.0
penalty_flip,1,0,468.0
penalty_flip,1,1,468.0
penalty_flip,1,2,468.0
penalty_flip,1,3,468.0
penalty_flip,1,4,468.0
penalty_flip,1,5,468.0
penalty_flip,1,6,522.0
penalty_flip,1,7,570.0
penalty_flip,1,8,570.0
penalty_flip,1,9,570.0
penalty_flip,1,10,571.0
penalty_flip,1,11,571.0
penalty_flip,1,12,571.0
penalty_flip,1,13,575.0
penalty_flip,1,14,585.0
penalty_flip,1,15,585.0
penalty_flip,1,16,585.0
penalty_flip,1,17,592.0
penalty_flip,1,18,592.0
penalty_flip,1,19,592.0
penalty_flip,1,20,592.0
penalty_flip,1,21,592.0
penalty_flip,1,22,592.0
penalty_flip,1,23,592.0
penalty_flip,1,24,592.0
penalty_flip,1,25,592.0
penalty_flip,1,26,592.0
penalty_flip,1,27,592.0
penalty_flip,1,28,592.0
penalty_flip,1,29,592.0
penalty_flip,1,30,592.0
penalty_flip,1,31,592.0
penalty_flip,1,32,592.0
penalty_flip,1,33,592.0
penalty_flip,1,34,592.0
penalty_flip,1,35,592.0
penalty_flip,1,36,592.0
penalty_flip,1,37,592.0
penalty_flip,1,38,592.0
penalty_flip,1,39,592.0
penalty_flip,1,40,592.0
penalty_flip,1,41,592.0
penalty_flip,1,42,592.0
penalty_flip,1,43,592.0
penalty_flip,1,44,592.0
penalty_flip,1,45,592.0
penalty_flip,1,46,592.0
penalty_flip,1,47,592.0
penalty_flip,1,48,592.0
penalty_flip,1,49,592.0
penalty_flip,1,50,592.0
penalty_flip,1,51,592.0
penalty_flip,1,52,592.0
penalty_flip,1,53,592.0
penalty_flip,1,54,592.0
penalty_flip,1,55,592.0
penalty_flip,1,56,592.0
penalty_flip,1,57,592.0
penalty_flip,1,58,592.0
penalty_flip,1,59,592.0
penalty_flip,1,60,592.0
penalty_flip,1,61,592.0
penalty_flip,1,62,592.0
penalty_flip,1,63,592.0
penalty_flip,2,0,399.0
penalty_flip,2,1,424.0
penalty_flip,2,2,424.0
penalty_flip,2,3,445.0
penalty_flip,2,4,447.0
penalty_flip,2,5,507.0
penalty_flip,2,6,520.0
penalty_flip,2,7,525.0
penalty_flip,2,8,525.0
penalty_flip,2,9,525.0
penalty_flip,2,10,531.0
penalty_flip,2,11,531.0
penalty_flip,2,12,556.0
penalty_flip,2,13,636.0
penalty_flip,2,14,636.0
penalty_flip,2,15,640.0
penalty_flip,2,16,640.0
penalty_flip,2,17,640.0
penalty_flip,2,18,640.0
penalty_flip,2,19,640.0
penalty_flip,2,20,640.0
penalty_flip,2,21,640.0
penalty_flip,2,22,640.0
penalty_flip,2,23,644.0
penalty_flip,2,24,644.0
penalty_flip,2,25,644.0
penalty_flip,2,26,644.0
penalty_flip,2,27,644.0
penalty_flip,2,28,644.0
penalty_flip,2,29,644.0
penalty_flip,2,30,644.0
penalty_flip,2,31,644.0
penalty_flip,2,32,644.0
penalty_flip,2,33,644.0
penalty_flip,2,34,644.0
penalty_flip,2,35,644.0
penalty_flip,2,36,644.0
penalty_flip,2,37,644.0
penalty_flip,2,38,644.0
penalty_flip,2,39,644.0
penalty_flip,2,40,644.0
penalty_flip,2,41,644.0
penalty_flip,2,42,644.0
penalty_flip,2,43,644.0
penalty_flip,2,44,644.0
penalty_flip,2,45,644.0
penalty_flip,2,46,644.0
penalty_flip,2,47,644.0
penalty_flip,2,48,644.0
penalty_flip,2,49,644.0
penalty_flip,2,50,644.0
penalty_flip,2,51,644.0
penalty_flip,2,52,644.0
penalty_flip,2,53,644.0
penalty_flip,2,54,644.0
penalty_flip,2,55,644.0
penalty_flip,2,56,644.0
penalty_flip,2,57,644.0
penalty_flip,2,58,644.0
penalty_flip,2,59,644.0
penalty_flip,2,60,644.0
penalty_flip,2,61,644.0
penalty_flip,2,62,644.0
penalty_flip,2,63,644.0
penalty_flip,3,0,380.0
penalty_flip,3,1,434.0
penalty_flip,3,2,447.0
penalty_flip,3,3,465.0
penalty_flip,3,4,465.0
penalty_flip,3,5,484.0
penalty_flip,3,6,484.0
penalty_flip,3,7,492.0
penalty_flip,3,8,492.0
penalty_flip,3,9,540.0
penalty_flip,3,10,540.0
penalty_flip,3,11,544.0
penalty_flip,3,12,544.0
penalty_flip,3,13,544.0
penalty_flip,3,14,552.0
penalty_flip,3,15,553.0
penalty_flip,3,16,590.0
penalty_flip,3,17,615.0
penalty_flip,3,18,615.0
penalty_flip,3,19,615.0
penalty_flip,3,20,615.0
penalty_flip,3,21,615.0
penalty_flip,3,22,615.0
penalty_flip,3,23,615.0
penalty_flip,3,24,615.0
penalty_flip,3,25,615.0
penalty_flip,3,26,615.0
penalty_flip,3,27,615.0
penalty_flip,3,28,615.0
penalty_flip,3,29,615.0
penalty_flip,3,30,615.0
penalty_flip,3,31,615.0
penalty_flip,3,32,615.0
penalty_flip,3,33,615.0
penalty_flip,3,34,615.0
penalty_flip,3,35,615.0
penalty_flip,3,36,615.0
penalty_flip,3,37,615.0
penalty_flip,3,38,615.0
penalty_flip,3,39,615.0
penalty_flip,3,40,615.0
penalty_flip,3,41,615.0
penalty_flip,3,42,615.0
penalty_flip,3,43,615.0
penalty_flip,3,44,615.0
penalty_flip,3,45,615.0
penalty_flip,3,46,619.0
penalty_flip,3,47,619.0
penalty_flip,3,48,619.0
penalty_flip,3,49,619.0
penalty_flip,3,50,619.0
penalty_flip,3,51,619.0
penalty_flip,3,52,619.0
penalty_flip,3,53,619.0
penalty_flip,3,54,619.0
penalty_flip,3,55,619.0
penalty_flip,3,56,636.0
penalty_flip,3,57,644.0
penalty_flip,3,58,644.0
penalty_flip,3,59,644.0
penalty_flip,3,60,644.0
penalty_flip,3,61,644.0
penalty_flip,3,62,644.0
penalty_flip,3,63,644.0
penalty_flip,4,0,411.0
penalty_flip,4,1,436.0
penalty_flip,4,2,449.0
penalty_flip,4,3,449.0
penalty_flip,4,4,505.0
penalty_flip,4,5,516.0
penalty_flip,4,6,526.0
penalty_flip,4,7,526.0
penalty_flip,4,8,526.0
penalty_flip,4,9,531.0
penalty_flip,4,10,531.0
penalty_flip,4,11,531.0
penalty_flip,4,12,531.0
penalty_flip,4,13,531.0
penalty_flip,4,14,531.0
penalty_flip,4,15,531.0
penalty_flip,4,16,531.0
penalty_flip,4,17,559.0
penalty_flip,4,18,559.0
penalty_flip,4,19,559.0
penalty_flip,4,20,559.0
penalty_flip,4,21,559.0
penalty_flip,4,22,559.0
penalty_flip,4,23,559.0
penalty_flip,4,24,559.0
penalty_flip,4,25,584.0
penalty_flip,4,26,584.0
penalty_flip,4,27,584.0
penalty_flip,4,28,587.0
penalty_flip,4,29,587.0
penalty_flip,4,30,592.0
penalty_flip,4,31,592.0
penalty_flip,4,32,634.0
penalty_flip,4,33,634.0
penalty_flip,4,34,634.0
penalty_flip,4,35,634.0
penalty_flip,4,36,634.0
penalty_flip,4,37,640.0
penalty_flip,4,38,640.0
penalty_flip,4,39,640.0
penalty_flip,4,40,640.0
penalty_flip,4,41,640.0
penalty_flip,4,42,640.0
penalty_flip,4,43,640.0
penalty_flip,4,44,640.0
penalty_flip,4,45,640.0
penalty_flip,4,46,640.0
penalty_flip,4,47,640.0
penalty_flip,4,48,640.0
penalty_flip,4,49,640.0
penalty_flip,4,50,640.0
penalty_flip,4,51,640.0
penalty_flip,4,52,640.0
penalty_flip,4,53,644.0
penalty_flip,4,54,644.0
penalty_flip,4,55,644.0
penalty_flip,4,56,644.0
penalty_flip,4,57,644.0
penalty_flip,4,58,644.0
penalty_flip,4,59,644.0
penalty_flip,4,60,644.0
penalty_flip,4,61,644.0
penalty_flip,4,62,644.0
penalty_flip,4,63,644.0
penalty_flip,5,0,330.0
penalty_flip,5,1,453.0
penalty_flip,5,2,474.0
penalty_flip,5,3,474.0
penalty_flip,5,4,492.0
penalty_flip,5,5,492.0
penalty_flip,5,6,492.0
penalty_flip,5,7,563.0
penalty_flip,5,8,563.0
penalty_flip,5,9,576.0
penalty_flip,5,10,592.0
penalty_flip,5,11,626.0
penalty_flip,5,12,626.0
penalty_flip,5,13,626.0
penalty_flip,5,14,626.0
penalty_flip,5,15,626.0
penalty_flip,5,16,626.0
penalty_flip,5,17,626.0
penalty_flip,5,18,626.0
penalty_flip,5,19,626.0
penalty_flip,5,20,626.0
penalty_flip,5,21,626.0
penalty_flip,5,22,626.0
penalty_flip,5,23,626.0
penalty_flip,5,24,626.0
penalty_flip,5,25,626.0
penalty_flip,5,26,626.0
penalty_flip,5,27,626.0
penalty_flip,5,28,626.0
penalty_flip,5,29,626.0
penalty_flip,5,30,626.0
penalty_flip,5,31,626.0
penalty_flip,5,32,626.0
penalty_flip,5,33,626.0
penalty_flip,5,34,626.0
penalty_flip,5,35,626.0
penalty_flip,5,36,626.0
penalty_flip,5,37,626.0
penalty_flip,5,38,626.0
penalty_flip,5,39,626.0
penalty_flip,5,40,626.0
penalty_flip,5,41,626.0
penalty_flip,5,42,634.0
penalty_flip,5,43,634.0
penalty_flip,5,44,634.0
penalty_flip,5,45,634.0
penalty_flip,5,46,634.0
penalty_flip,5,47,634.0
penalty_flip,5,48,634.0
penalty_flip,5,49,634.0
penalty_flip,5,50,634.0
penalty_flip,5,51,634.0
penalty_flip,5,52,634.0
penalty_flip,5,53,634.0
penalty_flip,5,54,634.0
penalty_flip,5,55,634.0
penalty_flip,5,56,634.0
penalty_flip,5,57,634.0
penalty_flip,5,58,634.0
penalty_flip,5,59,640.0
penalty_flip,5,60,640.0
penalty_flip,5,61,640.0
penalty_flip,5,62,640.0
penalty_flip,5,63,640.0
penalty_flip,6,0,417.0
penalty_flip,6,1,417.0
penalty_flip,6,2,459.0
penalty_flip,6,3,536.0
penalty_flip,6,4,536.0
penalty_flip,6,5,536.0
penalty_flip,6,6,536.0
penalty_flip,6,7,536.0
penalty_flip,6,8,536.0
penalty_flip,6,9,537.0
penalty_flip,6,10,558.0
penalty_flip,6,11,558.0
penalty_flip,6,12,558.0
penalty_flip,6,13,558.0
penalty_flip,6,14,558.0
penalty_flip,6,15,558.0
penalty_flip,6,16,558.0
penalty_flip,6,17,561.0
penalty_flip,6,18,561.0
penalty_flip,6,19,561.0
penalty_flip,6,20,561.0
penalty_flip,6,21,561.0
penalty_flip,6,22,569.0
penalty_flip,6,23,569.0
penalty_flip,6,24,569.0
penalty_flip,6,25,569.0
penalty_flip,6,26,569.0
penalty_flip,6,27,569.0
penalty_flip,6,28,569.0
penalty_flip,6,29,569.0
penalty_flip,6,30,576.0
penalty_flip,6,31,576.0
penalty_flip,6,32,623.0
penalty_flip,6,33,623.0
penalty_flip,6,34,623.0
penalty_flip,6,35,631.0
penalty_flip,6,36,631.0
penalty_flip,6,37,631.0
penalty_flip,6,38,631.0
penalty_flip,6,39,631.0
penalty_flip,6,40,631.0
penalty_flip,6,41,631.0
penalty_flip,6,42,631.0
penalty_flip,6,43,631.0
penalty_flip,6,44,631.0
penalty_flip,6,45,631.0
penalty_flip,6,46,631.0
penalty_flip,6,47,631.0
penalty_flip,6,48,631.0
penalty_flip,6,49,631.0
penalty_flip,6,50,631.0
penalty_flip,6,51,631.0
penalty_flip,6,52,631.0
penalty_flip,6,53,631.0
penalty_flip,6,54,631.0
penalty_flip,6,55,631.0
penalty_flip,6,56,631.0
penalty_flip,6,57,631.0
penalty_flip,6,58,631.0
penalty_flip,6,59,648.0
penalty_flip,6,60,648.0
penalty_flip,6,61,648.0
penalty_flip,6,62,648.0
penalty_flip,6,63,648.0
penalty_flip,7,0,359.0
penalty_flip,7,1,436.0
penalty_flip,7,2,436.0
penalty_flip,7,3,446.0
penalty_flip,7,4,472.0
penalty_flip,7,5,472.0
penalty_flip,7,6,515.0
penalty_flip,7,7,531.0
penalty_flip,7,8,555.0
penalty_flip,7,9,555.0
penalty_flip,7,10,595.0
penalty_flip,7,11,595.0
penalty_flip,7,12,595.0
penalty_flip,7,13,595.0
penalty_flip,7,14,595.0
penalty_flip,7,15,595.0
penalty_flip,7,16,625.0
penalty_flip,7,17,625.0
penalty_flip,7,18,625.0
penalty_flip,7,19,625.0
penalty_flip,7,20,625.0
penalty_flip,7,21,625.0
penalty_flip,7,22,625.0
penalty_flip,7,23,625.0
penalty_flip,7,24,625.0
penalty_flip,7,25,634.0
penalty_flip,7,26,634.0
penalty_flip,7,27,634.0
penalty_flip,7,28,634.0
penalty_flip,7,29,634.0
penalty_flip,7,30,634.0
penalty_flip,7,31,634.0
penalty_flip,7,32,634.0
penalty_flip,7,33,634.0
penalty_flip,7,34,634.0
penalty_flip,7,35,634.0
penalty_flip,7,36,634.0
penalty_flip,7,37,634.0
penalty_flip,7,38,638.0
penalty_flip,7,39,638.0
penalty_flip,7,40,638.0
penalty_flip,7,41,638.0
penalty_flip,7,42,638.0
penalty_flip,7,43,638.0
penalty_flip,7,44,638.0
penalty_flip,7,45,638.0
penalty_flip,7,46,638.0
penalty_flip,7,47,638.0
penalty_flip,7,48,638.0
penalty_flip,7,49,638.0
penalty_flip,7,50,638.0
penalty_flip,7,51,638.0
penalty_flip,7,52,638.0
penalty_flip,7,53,638.0
penalty_flip,7,54,638.0
penalty_flip,7,55,638.0
penalty_flip,7,56,638.0
penalty_flip,7,57,638.0
penalty_flip,7,58,638.0
penalty_flip,7,59,638.0
penalty_flip,7,60,638.0
penalty_flip,7,61,638.0
penalty_flip,7,62,638.0
penalty_flip,7,63,638.0
penalty_flip,8,0,399.0
penalty_flip,8,1,399.0
penalty_flip,8,2,419.0
penalty_flip,8,3,419.0
penalty_flip,8,4,516.0
penalty_flip,8,5,516.0
penalty_flip,8,6,516.0
penalty_flip,8,7,536.0
penalty_flip,8,8,536.0
penalty_flip,8,9,536.0
penalty_flip,8,10,536.0
penalty_flip,8,11,572.0
penalty_flip,8,12,572.0
penalty_flip,8,13,572.0
penalty_flip,8,14,572.0
penalty_flip,8,15,604.0
penalty_flip,8,16,612.0
penalty_flip,8,17,618.0
penalty_flip,8,18,618.0
penalty_flip,8,19,618.0
penalty_flip,8,20,618.0
penalty_flip,8,21,624.0
penalty_flip,8,22,624.0
penalty_flip,8,23,624.0
penalty_flip,8,24,624.0
penalty_flip,8,25,624.0
penalty_flip,8,26,631.0
penalty_flip,8,27,631.0
penalty_flip,8,28,631.0
penalty_flip,8,29,631.0
penalty_flip,8,30,631.0
penalty_flip,8,31,631.0
penalty_flip,8,32,631.0
penalty_flip,8,33,631.0
penalty_flip,8,34,631.0
penalty_flip,8,35,631.0
penalty_flip,8,36,631.0
penalty_flip,8,37,631.0
penalty_flip,8,38,631.0
penalty_flip,8,39,631.0
penalty_flip,8,40,631.0
penalty_flip,8,41,631.0
penalty_flip,8,42,631.0
penalty_flip,8,43,631.0
penalty_flip,8,44,631.0
penalty_flip,8,45,631.0
penalty_flip,8,46,631.0
penalty_flip,8,47,631.0
penalty_flip,8,48,631.0
penalty_flip,8,49,631.0
penalty_flip,8,50,631.0
penalty_flip,8,51,631.0
penalty_flip,8,52,640.0
penalty_flip,8,53,640.0
penalty_flip,8,54,640.0
penalty_flip,8,55,640.0
penalty_flip,8,56,640.0
penalty_flip,8,57,640.0
penalty_flip,8,58,640.0
penalty_flip,8,59,640.0
penalty_flip,8,60,640.0
penalty_flip,8,61,640.0
penalty_flip,8,62,640.0
penalty_flip,8,63,640.0
penalty_flip,9,0,383.0
penalty_flip,9,1,489.0
penalty_flip,9,2,489.0
penalty_flip,9,3,489.0
penalty_flip,9,4,489.0
penalty_flip,9,5,489.0
penalty_flip,9,6,494.0
penalty_flip,9,7,494.0
penalty_flip,9,8,498.0
penalty_flip,9,9,551.0
penalty_flip,9,10,560.0
penalty_flip,9,11,560.0
penalty_flip,9,12,560.0
penalty_flip,9,13,560.0
penalty_flip,9,14,560.0
penalty_flip,9,15,560.0
penalty_flip,9,16,587.0
penalty_flip,9,17,587.0
penalty_flip,9,18,587.0
penalty_flip,9,19,587.0
penalty_flip,9,20,640.0
penalty_flip,9,21,640.0
penalty_flip,9,22,640.0
penalty_flip,9,23,640.0
penalty_flip,9,24,640.0
penalty_flip,9,25,640.0
penalty_flip,9,26,640.0
penalty_flip,9,27,640.0
penalty_flip,9,28,640.0
penalty_flip,9,29,640.0
penalty_flip,9,30,640.0
penalty_flip,9,31,640.0
penalty_flip,9,32,640.0
penalty_flip,9,33,640.0
penalty_flip,9,34,640.0
penalty_flip,9,35,640.0
penalty_flip,9,36,640.0
penalty_flip,9,37,640.0
penalty_flip,9,38,640.0
penalty_flip,9,39,640.0
penalty_flip,9,40,640.0
penalty_flip,9,41,640.0
penalty_flip,9,42,640.0
penalty_flip,9,43,640.0
penalty_flip,9,44,640.0
penalty_flip,9,45,640.0
penalty_flip,9,46,640.0
penalty_flip,9,47,640.0
penalty_flip,9,48,640.0
penalty_flip,9,49,640.0
penalty_flip,9,50,640.0
penalty_flip,9,51,640.0
penalty_flip,9,52,640.0
penalty_flip,9,53,640.0
penalty_flip,9,54,640.0
penalty_flip,9,55,640.0
penalty_flip,9,56,640.0
penalty_flip,9,57,640.0
penalty_flip,9,58,640.0
penalty_flip,9,59,640.0
penalty_flip,9,60,640.0
penalty_flip,9,61,640.0
penalty_flip,9,62,640.0
penalty_flip,9,63,640.0
penalty_flip,10,0,341.0
penalty_flip,10,1,380.0
penalty_flip,10,2,485.0
penalty_flip,10,3,485.0
penalty_flip,10,4,485.0
penalty_flip,10,5,485.0
penalty_flip,10,6,521.0
penalty_flip,10,7,558.0
penalty_flip,10,8,558.0
penalty_flip,10,9,558.0
penalty_flip,10,10,564.0
penalty_flip,10,11,564.0
penalty_flip,10,12,567.0
penalty_flip,10,13,598.0
penalty_flip,10,14,623.0
penalty_flip,10,15,623.0
penalty_flip,10,16,623.0
penalty_flip,10,17,644.0
penalty_flip,10,18,644.0
penalty_flip,10,19,644.0
penalty_flip,10,20,644.0
penalty_flip,10,21,644.0
penalty_flip,10,22,644.0
penalty_flip,10,23,644.0
penalty_flip,10,24,644.0
penalty_flip,10,25,644.0
penalty_flip,10,26,644.0
penalty_flip,10,27,644.0
penalty_flip,10,28,644.0
penalty_flip,10,29,644.0
penalty_flip,10,30,644.0
penalty_flip,10,31,644.0
penalty_flip,10,32,644.0
penalty_flip,10,33,644.0
penalty_flip,10,34,644.0
penalty_flip,10,35,644.0
penalty_flip,10,36,644.0
penalty_flip,10,37,644.0
penalty_flip,10,38,644.0
penalty_flip,10,39,644.0
penalty_flip,10,40,644.0
penalty_flip,10,41,644.0
penalty_flip,10,42,644.0
penalty_flip,10,43,644.0
penalty_flip,10,44,644.0
penalty_flip,10,45,644.0
penalty_flip,10,46,644.0
penalty_flip,10,47,644.0
penalty_flip,10,48,644.0
penalty_flip,10,49,644.0
penalty_flip,10,50,644.0
penalty_flip,10,51,644.0
penalty_flip,10,52,644.0
penalty_flip,10,53,644.0
penalty_flip,10,54,644.0
penalty_flip,10,55,644.0
penalty_flip,10,56,644.0
penalty_flip,10,57,644.0
penalty_flip,10,58,644.0
penalty_flip,10,59,644.0
penalty_flip,10,60,644.0
penalty_flip,10,61,644.0
penalty_flip,10,62,644.0
penalty_flip,10,63,644.0
penalty_flip,11,0,453.0
penalty_flip,11,1,482.0
penalty_flip,11,2,482.0
penalty_flip,11,3,482.0
penalty_flip,11,4,507.0
penalty_flip,11,5,532.0
penalty_flip,11,6,532.0
penalty_flip,11,7,552.0
penalty_flip,11,8,552.0
penalty_flip,11,9,552.0
penalty_flip,11,10,552.0
penalty_flip,11,11,565.0
penalty_flip,11,12,565.0
penalty_flip,11,13,574.0
penalty_flip,11,14,574.0
penalty_flip,11,15,574.0
penalty_flip,11,16,574.0
penalty_flip,11,17,625.0
penalty_flip,11,18,625.0
penalty_flip,11,19,625.0
penalty_flip,11,20,625.0
penalty_flip,11,21,625.0
penalty_flip,11,22,625.0
penalty_flip,11,23,625.0
penalty_flip,11,24,625.0
penalty_flip,11,25,625.0
penalty_flip,11,26,625.0
penalty_flip,11,27,625.0
penalty_flip,11,28,636.0
penalty_flip,11,29,636.0
penalty_flip,11,30,636.0
penalty_flip,11,31,636.0
penalty_flip,11,32,636.0
penalty_flip,11,33,636.0
penalty_flip,11,34,636.0
penalty_flip,11,35,636.0
penalty_flip,11,36,636.0
penalty_flip,11,37,636.0
penalty_flip,11,38,636.0
penalty_flip,11,39,636.0
penalty_flip,11,40,636.0
penalty_flip,11,41,636.0
penalty_flip,11,42,636.0
penalty_flip,11,43,636.0
penalty_flip,11,44,636.0
penalty_flip,11,45,636.0
penalty_flip,11,46,636.0
penalty_flip,11,47,636.0
penalty_flip,11,48,636.0
penalty_flip,11,49,636.0
penalty_flip,11,50,636.0
penalty_flip,11,51,636.0
penalty_flip,11,52,636.0
penalty_flip,11,53,636.0
penalty_flip,11,54,644.0
penalty_flip,11,55,644.0
penalty_flip,11,56,644.0
penalty_flip,11,57,644.0
penalty_flip,11,58,644.0
penalty_flip,11,59,644.0
penalty_flip,11,60,644.0
penalty_flip,11,61,644.0
penalty_flip,11,62,644.0
penalty_flip,11,63,644.0
penalty_flip,12,0,384.0
penalty_flip,12,1,412.0
penalty_flip,12,2,428.0
penalty_flip,12,3,464.0
penalty_flip,12,4,481.0
penalty_flip,12,5,520.0
penalty_flip,12,6,520.0
penalty_flip,12,7,526.0
penalty_flip,12,8,528.0
penalty_flip,12,9,538.0
penalty_flip,12,10,538.0
penalty_flip,12,11,544.0
penalty_flip,12,12,548.0
penalty_flip,12,13,548.0
penalty_flip,12,14,600.0
penalty_flip,12,15,600.0
penalty_flip,12,16,600.0
penalty_flip,12,17,623.0
penalty_flip,12,18,623.0
penalty_flip,12,19,623.0
penalty_flip,12,20,623.0
penalty_flip,12,21,623.0
penalty_flip,12,22,623.0
penalty_flip,12,23,623.0
penalty_flip,12,24,623.0
penalty_flip,12,25,623.0
penalty_flip,12,26,623.0
penalty_flip,12,27,623.0
penalty_flip,12,28,623.0
penalty_flip,12,29,623.0
penalty_flip,12,30,623.0
penalty_flip,12,31,623.0
penalty_flip,12,32,623.0
penalty_flip,12,33,623.0
penalty_flip,12,34,623.0
penalty_flip,12,35,623.0
penalty_flip,12,36,623.0
penalty_flip,12,37,623.0
penalty_flip,12,38,623.0
penalty_flip,12,39,623.0
penalty_flip,12,40,623.0
penalty_flip,12,41,623.0
penalty_flip,12,42,623.0
penalty_flip,12,43,623.0
penalty_flip,12,44,623.0
penalty_flip,12,45,623.0
penalty_flip,12,46,623.0
penalty_flip,12,47,623.0
penalty_flip,12,48,623.0
penalty_flip,12,49,623.0
penalty_flip,12,50,623.0
penalty_flip,12,51,623.0
penalty_flip,12,52,623.0
penalty_flip,12,53,623.0
penalty_flip,12,54,623.0
penalty_flip,12,55,623.0
penalty_flip,12,56,623.0
penalty_flip,12,57,623.0
penalty_flip,12,58,623.0
penalty_flip,12,59,623.0
penalty_flip,12,60,623.0
penalty_flip,12,61,623.0
penalty_flip,12,62,623.0
penalty_flip,12,63,623.0
penalty_flip,13,0,462.0
penalty_flip,13,1,465.0
penalty_flip,13,2,485.0
penalty_flip,13,3,501.0
penalty_flip,13,4,501.0
penalty_flip,13,5,524.0
penalty_flip,13,6,524.0
penalty_flip,13,7,532.0
penalty_flip,13,8,532.0
penalty_flip,13,9,532.0
penalty_flip,13,10,532.0
penalty_flip,13,11,532.0
penalty_flip,13,12,532.0
penalty_flip,13,13,578.0
penalty_flip,13,14,578.0
penalty_flip,13,15,578.0
penalty_flip,13,16,578.0
penalty_flip,13,17,578.0
penalty_flip,13,18,578.0
penalty_flip,13,19,578.0
penalty_flip,13,20,578.0
penalty_flip,13,21,578.0
penalty_flip,13,22,578.0
penalty_flip,13,23,578.0
penalty_flip,13,24,578.0
penalty_flip,13,25,599.0
penalty_flip,13,26,624.0
penalty_flip,13,27,624.0
penalty_flip,13,28,624.0
penalty_flip,13,29,624.0
penalty_flip,13,30,624.0
penalty_flip,13,31,624.0
penalty_flip,13,32,624.0
penalty_flip,13,33,624.0
penalty_flip,13,34,624.0
penalty_flip,13,35,624.0
penalty_flip,13,36,624.0
penalty_flip,13,37,624.0
penalty_flip,13,38,624.0
penalty_flip,13,39,624.0
penalty_flip,13,40,624.0
penalty_flip,13,41,624.0
penalty_flip,13,42,624.0
penalty_flip,13,43,624.0
penalty_flip,13,44,624.0
penalty_flip,13,45,624.0
penalty_flip,13,46,624.0
penalty_flip,13,47,624.0
penalty_flip,13,48,624.0
penalty_flip,13,49,624.0
penalty_flip,13,50,624.0
penalty_flip,13,51,624.0
penalty_flip,13,52,624.0
penalty_flip,13,53,638.0
penalty_flip,13,54,638.0
penalty_flip,13,55,638.0
penalty_flip,13,56,638.0
penalty_flip,13,57,638.0
penalty_flip,13,58,638.0
penalty_flip,13,59,638.0
penalty_flip,13,60,638.0
penalty_flip,13,61,638.0
penalty_flip,13,62,638.0
penalty_flip,13,63,638.0
penalty_flip,14,0,407.0
penalty_flip,14,1,422.0
penalty_flip,14,2,463.0
penalty_flip,14,3,494.0
penalty_flip,14,4,494.0
penalty_flip,14,5,494.0
penalty_flip,14,6,509.0
penalty_flip,14,7,513.0
penalty_flip,14,8,513.0
penalty_flip,14,9,533.0
penalty_flip,14,10,533.0
penalty_flip,14,11,535.0
penalty_flip,14,12,535.0
penalty_flip,14,13,535.0
penalty_flip,14,14,556.0
penalty_flip,14,15,556.0
penalty_flip,14,16,556.0
penalty_flip,14,17,556.0
penalty_flip,14,18,563.0
penalty_flip,14,19,563.0
penalty_flip,14,20,563.0
penalty_flip,14,21,563.0
penalty_flip,14,22,563.0
penalty_flip,14,23,563.0
penalty_flip,14,24,563.0
penalty_flip,14,25,563.0
penalty_flip,14,26,563.0
penalty_flip,14,27,563.0
penalty_flip,14,28,563.0
penalty_flip,14,29,563.0
penalty_flip,14,30,563.0
penalty_flip,14,31,563.0
penalty_flip,14,32,563.0
penalty_flip,14,33,563.0
penalty_flip,14,34,563.0
penalty_flip,14,35,563.0
penalty_flip,14,36,563.0
penalty_flip,14,37,563.0
penalty_flip,14,38,563.0
penalty_flip,14,39,563.0
penalty_flip,14,40,563.0
penalty_flip,14,41,563.0
penalty_flip,14,42,563.0
penalty_flip,14,43,563.0
penalty_flip,14,44,563.0
penalty_flip,14,45,563.0
penalty_flip,14,46,563.0
penalty_flip,14,47,563.0
penalty_flip,14,48,563.0
penalty_flip,14,49,563.0
penalty_flip,14,50,563.0
penalty_flip,14,51,563.0
penalty_flip,14,52,563.0
penalty_flip,14,53,563.0
penalty_flip,14,54,563.0
penalty_flip,14,55,563.0
penalty_flip,14,56,563.0
penalty_flip,14,57,563.0
penalty_flip,14,58,563.0
penalty_flip,14,59,563.0
penalty_flip,14,60,563.0
penalty_flip,14,61,563.0
penalty_flip,14,62,563.0
penalty_flip,14,63,563.0
penalty_flip,15,0,280.0
penalty_flip,15,1,387.0
penalty_flip,15,2,496.0
penalty_flip,15,3,499.0
penalty_flip,15,4,576.0
penalty_flip,15,5,576.0
penalty_flip,15,6,576.0
penalty_flip,15,7,576.0
penalty_flip,15,8,576.0
penalty_flip,15,9,576.0
penalty_flip,15,10,579.0
penalty_flip,15,11,644.0
penalty_flip,15,12,644.0
penalty_flip,15,13,644.0
penalty_flip,15,14,644.0
penalty_flip,15,15,644.0
penalty_flip,15,16,644.0
penalty_flip,15,17,644.0
penalty_flip,15,18,644.0
penalty_flip,15,19,644.0
penalty_flip,15,20,644.0
penalty_flip,15,21,644.0
penalty_flip,15,22,644.0
penalty_flip,15,23,644.0
penalty_flip,15,24,644.0
penalty_flip,15,25,644.0
penalty_flip,15,26,644.0
penalty_flip,15,27,644.0
penalty_flip,15,28,644.0
penalty_flip,15,29,644.0
penalty_flip,15,30,644.0
penalty_flip,15,31,644.0
penalty_flip,15,32,644.0
penalty_flip,15,33,644.0
penalty_flip,15,34,644.0
penalty_flip,15,35,644.0
penalty_flip,15,36,644.0
penalty_flip,15,37,644.0
penalty_flip,15,38,644.0
penalty_flip,15,39,644.0
penalty_flip,15,40,644.0
penalty_flip,15,41,644.0
penalty_flip,15,42,644.0
penalty_flip,15,43,644.0
penalty_flip,15,44,644.0
penalty_flip,15,45,644.0
penalty_flip,15,46,644.0
penalty_flip,15,47,644.0
penalty_flip,15,48,644.0
penalty_flip,15,49,644.0
penalty_flip,15,50,644.0
penalty_flip,15,51,644.0
penalty_flip,15,52,644.0
penalty_flip,15,53,644.0
penalty_flip,15,54,644.0
penalty_flip,15,55,644.0
penalty_flip,15,56,644.0
penalty_flip,15,57,644.0
penalty_flip,15,58,644.0
penalty_flip,15,59,644.0
penalty_flip,15,60,644.0
penalty_flip,15,61,644.0
penalty_flip,15,62,644.0
penalty_flip,15,63,644.0
penalty_flip,16,0,371.0
penalty_flip,16,1,406.0
penalty_flip,16,2,424.0
penalty_flip,16,3,431.0
penalty_flip,16,4,456.0
penalty_flip,16,5,459.0
penalty_flip,16,6,487.0
penalty_flip,16,7,513.0
penalty_flip,16,8,513.0
penalty_flip,16,9,552.0
penalty_flip,16,10,552.0
penalty_flip,16,11,552.0
penalty_flip,16,12,556.0
penalty_flip,16,13,556.0
penalty_flip,16,14,571.0
penalty_flip,16,15,571.0
penalty_flip,16,16,571.0
penalty_flip,16,17,572.0
penalty_flip,16,18,572.0
penalty_flip,16,19,572.0
penalty_flip,16,20,572.0
penalty_flip,16,21,572.0
penalty_flip,16,22,572.0
penalty_flip,16,23,575.0
penalty_flip,16,24,575.0
penalty_flip,16,25,575.0
penalty_flip,16,26,582.0
penalty_flip,16,27,582.0
penalty_flip,16,28,582.0
penalty_flip,16,29,582.0
penalty_flip,16,30,583.0
penalty_flip,16,31,583.0
penalty_flip,16,32,583.0
penalty_flip,16,33,644.0
penalty_flip,16,34,644.0
penalty_flip,16,35,644.0
penalty_flip,16,36,644.0
penalty_flip,16,37,644.0
penalty_flip,16,38,644.0
penalty_flip,16,39,644.0
penalty_flip,16,40,644.0
penalty_flip,16,41,644.0
penalty_flip,16,42,644.0
penalty_flip,16,43,644.0
penalty_flip,16,44,644.0
penalty_flip,16,45,644.0
penalty_flip,16,46,644.0
penalty_flip,16,47,644.0
penalty_flip,16,48,644.0
penalty_flip,16,49,644.0
penalty_flip,16,50,644.0
penalty_flip,16,51,644.0
penalty_flip,16,52,644.0
penalty_flip,16,53,644.0
penalty_flip,16,54,644.0
penalty_flip,16,55,644.0
penalty_flip,16,56,644.0
penalty_flip,16,57,644.0
penalty_flip,16,58,644.0
penalty_flip,16,59,644.0
penalty_flip,16,60,644.0
penalty_flip,16,61,644.0
penalty_flip,16,62,644.0
penalty_flip,16,63,644.0
penalty_flip,17,0,307.0
penalty_flip,17,1,368.0
penalty_flip,17,2,466.0
penalty_flip,17,3,526.0
penalty_flip,17,4,526.0
penalty_flip,17,5,563.0
penalty_flip,17,6,563.0
penalty_flip,17,7,563.0
penalty_flip,17,8,563.0
penalty_flip,17,9,582.0
penalty_flip,17,10,582.0
penalty_flip,17,11,582.0
penalty_flip,17,12,588.0
penalty_flip,17,13,588.0
penalty_flip,17,14,602.0
penalty_flip,17,15,602.0
penalty_flip,17,16,602.0
penalty_flip,17,17,602.0
penalty_flip,17,18,602.0
penalty_flip,17,19,602.0
penalty_flip,17,20,602.0
penalty_flip,17,21,602.0
penalty_flip,17,22,602.0
penalty_flip,17,23,602.0
penalty_flip,17,24,602.0
penalty_flip,17,25,602.0
penalty_flip,17,26,602.0
penalty_flip,17,27,602.0
penalty_flip,17,28,602.0
penalty_flip,17,29,602.0
penalty_flip,17,30,602.0
penalty_flip,17,31,602.0
penalty_flip,17,32,602.0
penalty_flip,17,33,602.0
penalty_flip,17,34,602.0
penalty_flip,17,35,602.0
penalty_flip,17,36,602.0
penalty_flip,17,37,602.0
penalty_flip,17,38,602.0
penalty_flip,17,39,602.0
penalty_flip,17,40,602.0
penalty_flip,17,41,602.0
penalty_flip,17,42,602.0
penalty_flip,17,43,602.0
penalty_flip,17,44,602.0
penalty_flip,17,45,602.0
penalty_flip,17,46,602.0
penalty_flip,17,47,602.0
penalty_flip,17,48,602.0
penalty_flip,17,49,602.0
penalty_flip,17,50,602.0
penalty_flip,17,51,602.0
penalty_flip,17,52,602.0
penalty_flip,17,53,602.0
penalty_flip,17,54,602.0
penalty_flip,17,55,602.0
penalty_flip,17,56,613.0
penalty_flip,17,57,634.0
penalty_flip,17,58,634.0
penalty_flip,17,59,634.0
penalty_flip,17,60,634.0
penalty_flip,17,61,634.0
penalty_flip,17,62,634.0
penalty_flip,17,63,634.0
penalty_flip,18,0,456.0
penalty_flip,18,1,456.0
penalty_flip,18,2,467.0
penalty_flip,18,3,467.0
penalty_flip,18,4,483.0
penalty_flip,18,5,483.0
penalty_flip,18,6,505.0
penalty_flip,18,7,546.0
penalty_flip,18,8,546.0
penalty_flip,18,9,546.0
penalty_flip,18,10,546.0
penalty_flip,18,11,546.0
penalty_flip,18,12,579.0
penalty_flip,18,13,579.0
penalty_flip,18,14,579.0
penalty_flip,18,15,579.0
penalty_flip,18,16,579.0
penalty_flip,18,17,579.0
penalty_flip,18,18,579.0
penalty_flip,18,19,579.0
penalty_flip,18,20,579.0
penalty_flip,18,21,579.0
penalty_flip,18,22,591.0
penalty_flip,18,23,591.0
penalty_flip,18,24,591.0
penalty_flip,18,25,591.0
penalty_flip,18,26,591.0
penalty_flip,18,27,591.0
penalty_flip,18,28,591.0
penalty_flip,18,29,591.0
penalty_flip,18,30,595.0
penalty_flip,18,31,595.0
penalty_flip,18,32,595.0
penalty_flip,18,33,595.0
penalty_flip,18,34,595.0
penalty_flip,18,35,595.0
penalty_flip,18,36,595.0
penalty_flip,18,37,595.0
penalty_flip,18,38,595.0
penalty_flip,18,39,595.0
penalty_flip,18,40,595.0
penalty_flip,18,41,595.0
penalty_flip,18,42,595.0
penalty_flip,18,43,595.0
penalty_flip,18,44,595.0
penalty_flip,18,45,595.0
penalty_flip,18,46,595.0
penalty_flip,18,47,595.0
penalty_flip,18,48,595.0
penalty_flip,18,49,595.0
penalty_flip,18,50,595.0
penalty_flip,18,51,595.0
penalty_flip,18,52,595.0
penalty_flip,18,53,595.0
penalty_flip,18,54,595.0
penalty_flip,18,55,595.0
penalty_flip,18,56,595.0
penalty_flip,18,57,595.0
penalty_flip,18,58,595.0
penalty_flip,18,59,595.0
penalty_flip,18,60,595.0
penalty_flip,18,61,595.0
penalty_flip,18,62,595.0
penalty_flip,18,63,595.0
penalty_flip,19,0,434.0
penalty_flip,19,1,434.0
penalty_flip,19,2,434.0
penalty_flip,19,3,434.0
penalty_flip,19,4,434.0
penalty_flip,19,5,449.0
penalty_flip,19,6,507.0
penalty_flip,19,7,507.0
penalty_flip,19,8,525.0
penalty_flip,19,9,525.0
penalty_flip,19,10,525.0
penalty_flip,19,11,542.0
penalty_flip,19,12,542.0
penalty_flip,19,13,604.0
penalty_flip,19,14,604.0
penalty_flip,19,15,604.0
penalty_flip,19,16,604.0
penalty_flip,19,17,604.0
penalty_flip,19,18,604.0
penalty_flip,19,19,604.0
penalty_flip,19,20,604.0
penalty_flip,19,21,604.0
penalty_flip,19,22,604.0
penalty_flip,19,23,604.0
penalty_flip,19,24,604.0
penalty_flip,19,25,604.0
penalty_flip,19,26,604.0
penalty_flip,19,27,604.0
penalty_flip,19,28,604.0
penalty_flip,19,29,604.0
penalty_flip,19,30,604.0
penalty_flip,19,31,604.0
penalty_flip,19,32,604.0
penalty_flip,19,33,604.0
penalty_flip,19,34,604.0
penalty_flip,19,35,609.0
penalty_flip,19,36,609.0
penalty_flip,19,37,622.0
penalty_flip,19,38,622.0
penalty_flip,19,39,622.0
penalty_flip,19,40,629.0
penalty_flip,19,41,629.0
penalty_flip,19,42,644.0
penalty_flip,19,43,644.0
penalty_flip,19,44,644.0
penalty_flip,19,45,644.0
penalty_flip,19,46,644.0
penalty_flip,19,47,644.0
penalty_flip,19,48,644.0
penalty_flip,19,49,644.0
penalty_flip,19,50,644.0
penalty_flip,19,51,644.0
penalty_flip,19,52,644.0
penalty_flip,19,53,644.0
penalty_flip,19,54,644.0
penalty_flip,19,55,644.0
penalty_flip,19,56,644.0
penalty_flip,19,57,644.0
penalty_flip,19,58,644.0
penalty_flip,19,59,644.0
penalty_flip,19,60,644.0
penalty_flip,19,61,644.0
penalty_flip,19,62,644.0
penalty_flip,19,63,644.0
repair_swap,0,0,551.0
repair_swap,0,1,551.0
repair_swap,0,2,561.0
repair_swap,0,3,561.0
repair_swap,0,4,644.0
repair_swap,0,5,644.0
repair_swap,0,6,644.0
repair_swap,0,7,644.0
repair_swap,0,8,644.0
repair_swap,0,9,644.0
repair_swap,0,10,644.0
repair_swap,0,11,644.0
repair_swap,0,12,644.0
repair_swap,0,13,644.0
repair_swap,0,14,644.0
repair_swap,0,15,644.0
repair_swap,0,16,644.0
repair_swap,0,17,644.0
repair_swap,0,18,644.0
repair_swap,0,19,644.0
repair_swap,0,20,644.0
repair_swap,0,21,644.0
repair_swap,0,22,644.0
repair_swap,0,23,644.0
repair_swap,0,24,644.0
repair_swap,0,25,644.0
repair_swap,0,26,644.0
repair_swap,0,27,644.0
repair_swap,0,28,644.0
repair_swap,0,29,644.0
repair_swap,0,30,644.0
repair_swap,0,31,644.0
repair_swap,0,32,644.0
repair_swap,0,33,644.0
repair_swap,0,34,644.0
repair_swap,0,35,644.0
repair_swap,0,36,644.0
repair_swap,0,37,644.0
repair_swap,0,38,644.0
repair_swap,0,39,644.0
repair_swap,0,40,644.0
repair_swap,0,41,644.0
repair_swap,0,42,644.0
repair_swap,0,43,644.0
repair_swap,0,44,644.0
repair_swap,0,45,644.0
repair_swap,0,46,644.0
repair_swap,0,47,644.0
repair_swap,0,48,644.0
repair_swap,0,49,644.0
repair_swap,0,50,644.0
repair_swap,0,51,644.0
repair_swap,0,52,644.0
repair_swap,0,53,644.0
repair_swap,0,54,644.0
repair_swap,0,55,644.0
repair_swap,0,56,644.0
repair_swap,0,57,644.0
repair_swap,0,58,644.0
repair_swap,0,59,644.0
repair_swap,0,60,644.0
repair_swap,0,61,644.0
repair_swap,0,62,644.0
repair_swap,0,63,644.0
repair_swap,1,0,565.0
repair_swap,1,1,565.0
repair_swap,1,2,565.0
repair_swap,1,3,566.0
repair_swap,1,4,644.0
repair_swap,1,5,644.0
repair_swap,1,6,644.0
repair_swap,1,7,644.0
repair_swap,1,8,644.0
repair_swap,1,9,644.0
repair_swap,1,10,644.0
repair_swap,1,11,644.0
repair_swap,1,12,644.0
repair_swap,1,13,644.0
repair_swap,1,14,644.0
repair_swap,1,15,644.0
repair_swap,1,16,644.0
repair_swap,1,17,644.0
repair_swap,1,18,644.0
repair_swap,1,19,644.0
repair_swap,1,20,644.0
repair_swap,1,21,644.0
repair_swap,1,22,644.0
repair_swap,1,23,644.0
repair_swap,1,24,644.0
repair_swap,1,25,644.0
repair_swap,1,26,644.0
repair_swap,1,27,644.0
repair_swap,1,28,644.0
repair_swap,1,29,644.0
repair_swap,1,30,644.0
repair_swap,1,31,644.0
repair_swap,1,32,644.0
repair_swap,1,33,644.0
repair_swap,1,34,644.0
repair_swap,1,35,644.0
repair_swap,1,36,644.0
repair_swap,1,37,644.0
repair_swap,1,38,644.0
repair_swap,1,39,644.0
repair_swap,1,40,644.0
repair_swap,1,41,644.0
repair_swap,1,42,644.0
repair_swap,1,43,644.0
repair_swap,1,44,644.0
repair_swap,1,45,644.0
repair_swap,1,46,644.0
repair_swap,1,47,644.0
repair_swap,1,48,644.0
repair_swap,1,49,644.0
repair_swap,1,50,644.0
repair_swap,1,51,644.0
repair_swap,1,52,644.0
repair_swap,1,53,644.0
repair_swap,1,54,644.0
repair_swap,1,55,644.0
repair_swap,1,56,644.0
repair_swap,1,57,644.0
repair_swap,1,58,644.0
repair_swap,1,59,644.0
repair_swap,1,60,644.0
repair_swap,1,61,644.0
repair_swap,1,62,644.0
repair_swap,1,63,644.0
repair_swap,2,0,513.0
repair_swap,2,1,544.0
repair_swap,2,2,554.0
repair_swap,2,3,584.0
repair_swap,2,4,588.0
repair_swap,2,5,640.0
repair_swap,2,6,640.0
repair_swap,2,7,640.0
repair_swap,2,8,640.0
repair_swap,2,9,640.0
repair_swap,2,10,640.0
repair_swap,2,11,640.0
repair_swap,2,12,640.0
repair_swap,2,13,640.0
repair_swap,2,14,640.0
repair_swap,2,15,640.0
repair_swap,2,16,640.0
repair_swap,2,17,640.0
repair_swap,2,18,640.0
repair_swap,2,19,640.0
repair_swap,2,20,640.0
repair_swap,2,21,640.0
repair_swap,2,22,640.0
repair_swap,2,23,640.0
repair_swap,2,24,640.0
repair_swap,2,25,644.0
repair_swap,2,26,644.0
repair_swap,2,27,644.0
repair_swap,2,28,644.0
repair_swap,2,29,644.0
repair_swap,2,30,644.0
repair_swap,2,31,644.0
repair_swap,2,32,644.0
repair_swap,2,33,644.0
repair_swap,2,34,644.0
repair_swap,2,35,644.0
repair_swap,2,36,644.0
repair_swap,2,37,644.0
repair_swap,2,38,644.0
repair_swap,2,39,644.0
repair_swap,2,40,644.0
repair_swap,2,41,644.0
repair_swap,2,42,644.0
repair_swap,2,43,644.0
repair_swap,2,44,644.0
repair_swap,2,45,644.0
repair_swap,2,46,644.0
repair_swap,2,47,644.0
repair_swap,2,48,644.0
repair_swap,2,49,644.0
repair_swap,2,50,644.0
repair_swap,2,51,644.0
repair_swap,2,52,644.0
repair_swap,2,53,644.0
repair_swap,2,54,644.0
repair_swap,2,55,644.0
repair_swap,2,56,644.0
repair_swap,2,57,644.0
repair_swap,2,58,644.0
repair_swap,2,59,644.0
repair_swap,2,60,644.0
repair_swap,2,61,644.0
repair_swap,2,62,644.0
repair_swap,2,63,644.0
repair_swap,3,0,563.0
repair_swap,3,1,563.0
repair_swap,3,2,606.0
repair_swap,3,3,625.0
repair_swap,3,4,625.0
repair_swap,3,5,625.0
repair_swap,3,6,648.0
repair_swap,3,7,648.0
repair_swap,3,8,648.0
repair_swap,3,9,648.0
repair_swap,3,10,648.0
repair_swap,3,11,648.0
repair_swap,3,12,648.0
repair_swap,3,13,648.0
repair_swap,3,14,648.0
repair_swap,3,15,648.0
repair_swap,3,16,648.0
repair_swap,3,17,648.0
repair_swap,3,18,648.0
repair_swap,3,19,648.0
repair_swap,3,20,648.0
repair_swap,3,21,648.0
repair_swap,3,22,648.0
repair_swap,3,23,648.0
repair_swap,3,24,648.0
repair_swap,3,25,648.0
repair_swap,3,26,648.0
repair_swap,3,27,648.0
repair_swap,3,28,648.0
repair_swap,3,29,648.0
repair_swap,3,30,648.0
repair_swap,3,31,648.0
repair_swap,3,32,648.0
repair_swap,3,33,648.0
repair_swap,3,34,648.0
repair_swap,3,35,648.0
repair_swap,3,36,648.0
repair_swap,3,37,648.0
repair_swap,3,38,648.0
repair_swap,3,39,648.0
repair_swap,3,40,648.0
repair_swap,3,41,648.0
repair_swap,3,42,648.0
repair_swap,3,43,648.0
repair_swap,3,44,648.0
repair_swap,3,45,648.0
repair_swap,3,46,648.0
repair_swap,3,47,648.0
repair_swap,3,48,648.0
repair_swap,3,49,648.0
repair_swap,3,50,648.0
repair_swap,3,51,648.0
repair_swap,3,52,648.0
repair_swap,3,53,648.0
repair_swap,3,54,648.0
repair_swap,3,55,648.0
repair_swap,3,56,648.0
repair_swap,3,57,648.0
repair_swap,3,58,648.0
repair_swap,3,59,648.0
repair_swap,3,60,648.0
repair_swap,3,61,648.0
repair_swap,3,62,648.0
repair_swap,3,63,648.0
repair_swap,4,0,543.0
repair_swap,4,1,543.0
repair_swap,4,2,547.0
repair_swap,4,3,609.0
repair_swap,4,4,627.0
repair_swap,4,5,636.0
repair_swap,4,6,648.0
repair_swap,4,7,648.0
repair_swap,4,8,648.0
repair_swap,4,9,648.0
repair_swap,4,10,648.0
repair_swap,4,11,648.0
repair_swap,4,12,648.0
repair_swap,4,13,648.0
repair_swap,4,14,648.0
repair_swap,4,15,648.0
repair_swap,4,16,648.0
repair_swap,4,17,648.0
repair_swap,4,18,648.0
repair_swap,4,19,648.0
repair_swap,4,20,648.0
repair_swap,4,21,648.0
repair_swap,4,22,648.0
repair_swap,4,23,648.0
repair_swap,4,24,648.0
repair_swap,4,25,648.0
repair_swap,4,26,648.0
repair_swap,4,27,648.0
repair_swap,4,28,648.0
repair_swap,4,29,648.0
repair_swap,4,30,648.0
repair_swap,4,31,648.0
repair_swap,4,32,648.0
repair_swap,4,33,648.0
repair_swap,4,34,648.0
repair_swap,4,35,648.0
repair_swap,4,36,648.0
repair_swap,4,37,648.0
repair_swap,4,38,648.0
repair_swap,4,39,648.0
repair_swap,4,40,648.0
repair_swap,4,41,648.0
repair_swap,4,42,648.0
repair_swap,4,43,648.0
repair_swap,4,44,648.0
repair_swap,4,45,648.0
repair_swap,4,46,648.0
repair_swap,4,47,648.0
repair_swap,4,48,648.0
repair_swap,4,49,648.0
repair_swap,4,50,648.0
repair_swap,4,51,648.0
repair_swap,4,52,648.0
repair_swap,4,53,648.0
repair_swap,4,54,648.0
repair_swap,4,55,648.0
repair_swap,4,56,648.0
repair_swap,4,57,648.0
repair_swap,4,58,648.0
repair_swap,4,59,648.0
repair_swap,4,60,648.0
repair_swap,4,61,648.0
repair_swap,4,62,648.0
repair_swap,4,63,648.0
repair_swap,5,0,497.0
repair_swap,5,1,526.0
repair_swap,5,2,549.0
repair_swap,5,3,563.0
repair_swap,5,4,617.0
repair_swap,5,5,623.0
repair_swap,5,6,623.0
repair_swap,5,7,637.0
repair_swap,5,8,637.0
repair_swap,5,9,637.0
repair_swap,5,10,637.0
repair_swap,5,11,637.0
repair_swap,5,12,644.0
repair_swap,5,13,644.0
repair_swap,5,14,644.0
repair_swap,5,15,644.0
repair_swap,5,16,644.0
repair_swap,5,17,644.0
repair_swap,5,18,644.0
repair_swap,5,19,644.0
repair_swap,5,20,644.0
repair_swap,5,21,644.0
repair_swap,5,22,644.0
repair_swap,5,23,644.0
repair_swap,5,24,644.0
repair_swap,5,25,644.0
repair_swap,5,26,644.0
repair_swap,5,27,644.0
repair_swap,5,28,644.0
repair_swap,5,29,644.0
repair_swap,5,30,644.0
repair_swap,5,31,644.0
repair_swap,5,32,644.0
repair_swap,5,33,644.0
repair_swap,5,34,644.0
repair_swap,5,35,644.0
repair_swap,5,36,644.0
repair_swap,5,37,644.0
repair_swap,5,38,644.0
repair_swap,5,39,644.0
repair_swap,5,40,644.0
repair_swap,5,41,644.0
repair_swap,5,42,644.0
repair_swap,5,43,644.0
repair_swap,5,44,644.0
repair_swap,5,45,644.0
repair_swap,5,46,644.0
repair_swap,5,47,644.0
repair_swap,5,48,644.0
repair_swap,5,49,644.0
repair_swap,5,50,644.0
repair_swap,5,51,644.0
repair_swap,5,52,644.0
repair_swap,5,53,644.0
repair_swap,5,54,644.0
repair_swap,5,55,644.0
repair_swap,5,56,644.0
repair_swap,5,57,644.0
repair_swap,5,58,644.0
repair_swap,5,59,644.0
repair_swap,5,60,644.0
repair_swap,5,61,644.0
repair_swap,5,62,644.0
repair_swap,5,63,644.0
repair_swap,6,0,497.0
repair_swap,6,1,549.0
repair_swap,6,2,549.0
repair_swap,6,3,620.0
repair_swap,6,4,620.0
repair_swap,6,5,620.0
repair_swap,6,6,640.0
repair_swap,6,7,640.0
repair_swap,6,8,640.0
repair_swap,6,9,640.0
repair_swap,6,10,640.0
repair_swap,6,11,640.0
repair_swap,6,12,640.0
repair_swap,6,13,640.0
repair_swap,6,14,640.0
repair_swap,6,15,640.0
repair_swap,6,16,640.0
repair_swap,6,17,640.0
repair_swap,6,18,640.0
repair_swap,6,19,640.0
repair_swap,6,20,640.0
repair_swap,6,21,640.0
repair_swap,6,22,640.0
repair_swap,6,23,640.0
repair_swap,6,24,640.0
repair_swap,6,25,640.0
repair_swap,6,26,640.0
repair_swap,6,27,640.0
repair_swap,6,28,640.0
repair_swap,6,29,640.0
repair_swap,6,30,640.0
repair_swap,6,31,640.0
repair_swap,6,32,644.0
repair_swap,6,33,644.0
repair_swap,6,34,644.0
repair_swap,6,35,644.0
repair_swap,6,36,644.0
repair_swap,6,37,644.0
repair_swap,6,38,644.0
repair_swap,6,39,644.0
repair_swap,6,40,644.0
repair_swap,6,41,644.0
repair_swap,6,42,644.0
repair_swap,6,43,644.0
repair_swap,6,44,644.0
repair_swap,6,45,644.0
repair_swap,6,46,644.0
repair_swap,6,47,644.0
repair_swap,6,48,644.0
repair_swap,6,49,644.0
repair_swap,6,50,644.0
repair_swap,6,51,644.0
repair_swap,6,52,644.0
repair_swap,6,53,644.0
repair_swap,6,54,644.0
repair_swap,6,55,644.0
repair_swap,6,56,644.0
repair_swap,6,57,644.0
repair_swap,6,58,644.0
repair_swap,6,59,644.0
repair_swap,6,60,644.0
repair_swap,6,61,644.0
repair_swap,6,62,644.0
repair_swap,6,63,644.0
repair_swap,7,0,581.0
repair_swap,7,1,581.0
repair_swap,7,2,613.0
repair_swap,7,3,626.0
repair_swap,7,4,626.0
repair_swap,7,5,636.0
repair_swap,7,6,648.0
repair_swap,7,7,648.0
repair_swap,7,8,648.0
repair_swap,7,9,648.0
repair_swap,7,10,648.0
repair_swap,7,11,648.0
repair_swap,7,12,648.0
repair_swap,7,13,648.0
repair_swap,7,14,648.0
repair_swap,7,15,648.0
repair_swap,7,16,648.0
repair_swap,7,17,648.0
repair_swap,7,18,648.0
repair_swap,7,19,648.0
repair_swap,7,20,648.0
repair_swap,7,21,648.0
repair_swap,7,22,648.0
repair_swap,7,23,648.0
repair_swap,7,24,648.0
repair_swap,7,25,648.0
repair_swap,7,26,648.0
repair_swap,7,27,648.0
repair_swap,7,28,648.0
repair_swap,7,29,648.0
repair_swap,7,30,648.0
repair_swap,7,31,648.0
repair_swap,7,32,648.0
repair_swap,7,33,648.0
repair_swap,7,34,648.0
repair_swap,7,35,648.0
repair_swap,7,36,648.0
repair_swap,7,37,648.0
repair_swap,7,38,648.0
repair_swap,7,39,648.0
repair_swap,7,40,648.0
repair_swap,7,41,648.0
repair_swap,7,42,648.0
repair_swap,7,43,648.0
repair_swap,7,44,648.0
repair_swap,7,45,648.0
repair_swap,7,46,648.0
repair_swap,7,47,648.0
repair_swap,7,48,648.0
repair_swap,7,49,648.0
repair_swap,7,50,648.0
repair_swap,7,51,648.0
repair_swap,7,52,648.0
repair_swap,7,53,648.0
repair_swap,7,54,648.0
repair_swap,7,55,648.0
repair_swap,7,56,648.0
repair_swap,7,57,648.0
repair_swap,7,58,648.0
repair_swap,7,59,648.0
repair_swap,7,60,648.0
repair_swap,7,61,648.0
repair_swap,7,62,648.0
repair_swap,7,63,648.0
repair_swap,8,0,491.0
repair_swap,8,1,560.0
repair_swap,8,2,626.0
repair_swap,8,3,626.0
repair_swap,8,4,627.0
repair_swap,8,5,627.0
repair_swap,8,6,640.0
repair_swap,8,7,640.0
repair_swap,8,8,640.0
repair_swap,8,9,640.0
repair_swap,8,10,644.0
repair_swap,8,11,644.0
repair_swap,8,12,644.0
repair_swap,8,13,644.0
repair_swap,8,14,644.0
repair_swap,8,15,644.0
repair_swap,8,16,644.0
repair_swap,8,17,644.0
repair_swap,8,18,644.0
repair_swap,8,19,644.0
repair_swap,8,20,644.0
repair_swap,8,21,644.0
repair_swap,8,22,644.0
repair_swap,8,23,644.0
repair_swap,8,24,644.0
repair_swap,8,25,644.0
repair_swap,8,26,644.0
repair_swap,8,27,644.0
repair_swap,8,28,644.0
repair_swap,8,29,644.0
repair_swap,8,30,644.0
repair_swap,8,31,644.0
repair_swap,8,32,644.0
repair_swap,8,33,644.0
repair_swap,8,34,644.0
repair_swap,8,35,644.0
repair_swap,8,36,644.0
repair_swap,8,37,644.0
repair_swap,8,38,644.0
repair_swap,8,39,644.0
repair_swap,8,40,644.0
repair_swap,8,41,644.0
repair_swap,8,42,644.0
repair_swap,8,43,644.0
repair_swap,8,44,644.0
repair_swap,8,45,644.0
repair_swap,8,46,644.0
repair_swap,8,47,644.0
repair_swap,8,48,644.0
repair_swap,8,49,644.0
repair_swap,8,50,644.0
repair_swap,8,51,644.0
repair_swap,8,52,644.0
repair_swap,8,53,644.0
repair_swap,8,54,644.0
repair_swap,8,55,644.0
repair_swap,8,56,644.0
repair_swap,8,57,644.0
repair_swap,8,58,644.0
repair_swap,8,59,644.0
repair_swap,8,60,644.0
repair_swap,8,61,644.0
repair_swap,8,62,644.0
repair_swap,8,63,644.0
repair_swap,9,0,570.0
repair_swap,9,1,570.0
repair_swap,9,2,572.0
repair_swap,9,3,609.0
repair_swap,9,4,609.0
repair_swap,9,5,609.0
repair_swap,9,6,609.0
repair_swap,9,7,638.0
repair_swap,9,8,638.0
repair_swap,9,9,644.0
repair_swap,9,10,644.0
repair_swap,9,11,644.0
repair_swap,9,12,644.0
repair_swap,9,13,644.0
repair_swap,9,14,644.0
repair_swap,9,15,644.0
repair_swap,9,16,644.0
repair_swap,9,17,644.0
repair_swap,9,18,644.0
repair_swap,9,19,644.0
repair_swap,9,20,644.0
repair_swap,9,21,644.0
repair_swap,9,22,644.0
repair_swap,9,23,644.0
repair_swap,9,24,644.0
repair_swap,9,25,644.0
repair_swap,9,26,644.0
repair_swap,9,27,644.0
repair_swap,9,28,644.0
repair_swap,9,29,644.0
repair_swap,9,30,644.0
repair_swap,9,31,644.0
repair_swap,9,32,644.0
repair_swap,9,33,644.0
repair_swap,9,34,644.0
repair_swap,9,35,644.0
repair_swap,9,36,644.0
repair_swap,9,37,644.0
repair_swap,9,38,644.0
repair_swap,9,39,644.0
repair_swap,9,40,644.0
repair_swap,9,41,644.0
repair_swap,9,42,644.0
repair_swap,9,43,644.0
repair_swap,9,44,644.0
repair_swap,9,45,644.0
repair_swap,9,46,644.0
repair_swap,9,47,644.0
repair_swap,9,48,644.0
repair_swap,9,49,644.0
repair_swap,9,50,644.0
repair_swap,9,51,644.0
repair_swap,9,52,644.0
repair_swap,9,53,644.0
repair_swap,9,54,644.0
repair_swap,9,55,644.0
repair_swap,9,56,644.0
repair_swap,9,57,644.0
repair_swap,9,58,644.0
repair_swap,9,59,644.0
repair_swap,9,60,644.0
repair_swap,9,61,644.0
repair_swap,9,62,644.0
repair_swap,9,63,644.0
repair_swap,10,0,560.0
repair_swap,10,1,560.0
repair_swap,10,2,621.0
repair_swap,10,3,622.0
repair_swap,10,4,644.0
repair_swap,10,5,644.0
repair_swap,10,6,644.0
repair_swap,10,7,644.0
repair_swap,10,8,644.0
repair_swap,10,9,644.0
repair_swap,10,10,644.0
repair_swap,10,11,644.0
repair_swap,10,12,644.0
repair_swap,10,13,644.0
repair_swap,10,14,644.0
repair_swap,10,15,644.0
repair_swap,10,16,644.0
repair_swap,10,17,644.0
repair_swap,10,18,644.0
repair_swap,10,19,644.0
repair_swap,10,20,644.0
repair_swap,10,21,644.0
repair_swap,10,22,644.0
repair_swap,10,23,644.0
repair_swap,10,24,644.0
repair_swap,10,25,644.0
repair_swap,10,26,644.0
repair_swap,10,27,644.0
repair_swap,10,28,644.0
repair_swap,10,29,644.0
repair_swap,10,30,644.0
repair_swap,10,31,644.0
repair_swap,10,32,644.0
repair_swap,10,33,644.0
repair_swap,10,34,644.0
repair_swap,10,35,644.0
repair_swap,10,36,644.0
repair_swap,10,37,644.0
repair_swap,10,38,644.0
repair_swap,10,39,644.0
repair_swap,10,40,644.0
repair_swap,10,41,644.0
repair_swap,10,42,644.0
repair_swap,10,43,644.0
repair_swap,10,44,644.0
repair_swap,10,45,644.0
repair_swap,10,46,644.0
repair_swap,10,47,644.0
repair_swap,10,48,644.0
repair_swap,10,49,644.0
repair_swap,10,50,644.0
repair_swap,10,51,644.0
repair_swap,10,52,644.0
repair_swap,10,53,644.0
repair_swap,10,54,644.0
repair_swap,10,55,644.0
repair_swap,10,56,644.0
repair_swap,10,57,644.0
repair_swap,10,58,644.0
repair_swap,10,59,644.0
repair_swap,10,60,644.0
repair_swap,10,61,644.0
repair_swap,10,62,644.0
repair_swap,10,63,644.0
repair_swap,11,0,527.0
repair_swap,11,1,571.0
repair_swap,11,2,571.0
repair_swap,11,3,571.0
repair_swap,11,4,581.0
repair_swap,11,5,619.0
repair_swap,11,6,625.0
repair_swap,11,7,634.0
repair_swap,11,8,636.0
repair_swap,11,9,636.0
repair_swap,11,10,648.0
repair_swap,11,11,648.0
repair_swap,11,12,648.0
repair_swap,11,13,648.0
repair_swap,11,14,648.0
repair_swap,11,15,648.0
repair_swap,11,16,648.0
repair_swap,11,17,648.0
repair_swap,11,18,648.0
repair_swap,11,19,648.0
repair_swap,11,20,648.0
repair_swap,11,21,648.0
repair_swap,11,22,648.0
repair_swap,11,23,648.0
repair_swap,11,24,648.0
repair_swap,11,25,648.0
repair_swap,11,26,648.0
repair_swap,11,27,648.0
repair_swap,11,28,648.0
repair_swap,11,29,648.0
repair_swap,11,30,648.0
repair_swap,11,31,648.0
repair_swap,11,32,648.0
repair_swap,11,33,648.0
repair_swap,11,34,648.0
repair_swap,11,35,648.0
repair_swap,11,36,648.0
repair_swap,11,37,648.0
repair_swap,11,38,648.0
repair_swap,11,39,648.0
repair_swap,11,40,648.0
repair_swap,11,41,648.0
repair_swap,11,42,648.0
repair_swap,11,43,648.0
repair_swap,11,44,648.0
repair_swap,11,45,648.0
repair_swap,11,46,648.0
repair_swap,11,47,648.0
repair_swap,11,48,648.0
repair_swap,11,49,648.0
repair_swap,11,50,648.0
repair_swap,11,51,648.0
repair_swap,11,52,648.0
repair_swap,11,53,648.0
repair_swap,11,54,648.0
repair_swap,11,55,648.0
repair_swap,11,56,648.0
repair_swap,11,57,648.0
repair_swap,11,58,648.0
repair_swap,11,59,648.0
repair_swap,11,60,648.0
repair_swap,11,61,648.0
repair_swap,11,62,648.0
repair_swap,11,63,648.0
repair_swap,12,0,581.0
repair_swap,12,1,581.0
repair_swap,12,2,581.0
repair_swap,12,3,631.0
repair_swap,12,4,631.0
repair_swap,12,5,640.0
repair_swap,12,6,644.0
repair_swap,12,7,644.0
repair_swap,12,8,644.0
repair_swap,12,9,644.0
repair_swap,12,10,648.0
repair_swap,12,11,648.0
repair_swap,12,12,648.0
repair_swap,12,13,648.0
repair_swap,12,14,648.0
repair_swap,12,15,648.0
repair_swap,12,16,648.0
repair_swap,12,17,648.0
repair_swap,12,18,648.0
repair_swap,12,19,648.0
repair_swap,12,20,648.0
repair_swap,12,21,648.0
repair_swap,12,22,648.0
repair_swap,12,23,648.0
repair_swap,12,24,648.0
repair_swap,12,25,648.0
repair_swap,12,26,648.0
repair_swap,12,27,648.0
repair_swap,12,28,648.0
repair_swap,12,29,648.0
repair_swap,12,30,648.0
repair_swap,12,31,648.0
repair_swap,12,32,648.0
repair_swap,12,33,648.0
repair_swap,12,34,648.0
repair_swap,12,35,648.0
repair_swap,12,36,648.0
repair_swap,12,37,648.0
repair_swap,12,38,648.0
repair_swap,12,39,648.0
repair_swap,12,40,648.0
repair_swap,12,41,648.0
repair_swap,12,42,648.0
repair_swap,12,43,648.0
repair_swap,12,44,648.0
repair_swap,12,45,648.0
repair_swap,12,46,648.0
repair_swap,12,47,648.0
repair_swap,12,48,648.0
repair_swap,12,49,648.0
repair_swap,12,50,648.0
repair_swap,12,51,648.0
repair_swap,12,52,648.0
repair_swap,12,53,648.0
repair_swap,12,54,648.0
repair_swap,12,55,648.0
repair_swap,12,56,648.0
repair_swap,12,57,648.0
repair_swap,12,58,648.0
repair_swap,12,59,648.0
repair_swap,12,60,648.0
repair_swap,12,61,648.0
repair_swap,12,62,648.0
repair_swap,12,63,648.0
repair_swap,13,0,519.0
repair_swap,13,1,528.0
repair_swap,13,2,556.0
repair_swap,13,3,565.0
repair_swap,13,4,576.0
repair_swap,13,5,577.0
repair_swap,13,6,587.0
repair_swap,13,7,604.0
repair_swap,13,8,604.0
repair_swap,13,9,604.0
repair_swap,13,10,640.0
repair_swap,13,11,640.0
repair_swap,13,12,640.0
repair_swap,13,13,640.0
repair_swap,13,14,640.0
repair_swap,13,15,640.0
repair_swap,13,16,644.0
repair_swap,13,17,644.0
repair_swap,13,18,644.0
repair_swap,13,19,644.0
repair_swap,13,20,644.0
repair_swap,13,21,644.0
repair_swap,13,22,644.0
repair_swap,13,23,644.0
repair_swap,13,24,644.0
repair_swap,13,25,644.0
repair_swap,13,26,644.0
repair_swap,13,27,644.0
repair_swap,13,28,644.0
repair_swap,13,29,644.0
repair_swap,13,30,644.0
repair_swap,13,31,644.0
repair_swap,13,32,644.0
repair_swap,13,33,644.0
repair_swap,13,34,644.0
repair_swap,13,35,644.0
repair_swap,13,36,644.0
repair_swap,13,37,644.0
repair_swap,13,38,644.0
repair_swap,13,39,644.0
repair_swap,13,40,644.0
repair_swap,13,41,644.0
repair_swap,13,42,644.0
repair_swap,13,43,644.0
repair_swap,13,44,644.0
repair_swap,13,45,644.0
repair_swap,13,46,644.0
repair_swap,13,47,644.0
repair_swap,13,48,644.0
repair_swap,13,49,644.0
repair_swap,13,50,644.0
repair_swap,13,51,644.0
repair_swap,13,52,644.0
repair_swap,13,53,644.0
repair_swap,13,54,644.0
repair_swap,13,55,644.0
repair_swap,13,56,644.0
repair_swap,13,57,644.0
repair_swap,13,58,644.0
repair_swap,13,59,644.0
repair_swap,13,60,644.0
repair_swap,13,61,644.0
repair_swap,13,62,644.0
repair_swap,13,63,644.0
repair_swap,14,0,547.0
repair_swap,14,1,547.0
repair_swap,14,2,562.0
repair_swap,14,3,617.0
repair_swap,14,4,637.0
repair_swap,14,5,637.0
repair_swap,14,6,637.0
repair_swap,14,7,637.0
repair_swap,14,8,640.0
repair_swap,14,9,640.0
repair_swap,14,10,640.0
repair_swap,14,11,640.0
repair_swap,14,12,640.0
repair_swap,14,13,640.0
repair_swap,14,14,640.0
repair_swap,14,15,640.0
repair_swap,14,16,640.0
repair_swap,14,17,644.0
repair_swap,14,18,644.0
repair_swap,14,19,644.0
repair_swap,14,20,644.0
repair_swap,14,21,644.0
repair_swap,14,22,644.0
repair_swap,14,23,644.0
repair_swap,14,24,644.0
repair_swap,14,25,644.0
repair_swap,14,26,644.0
repair_swap,14,27,644.0
repair_swap,14,28,644.0
repair_swap,14,29,644.0
repair_swap,14,30,644.0
repair_swap,14,31,644.0
repair_swap,14,32,644.0
repair_swap,14,33,644.0
repair_swap,14,34,644.0
repair_swap,14,35,644.0
repair_swap,14,36,644.0
repair_swap,14,37,644.0
repair_swap,14,38,644.0
repair_swap,14,39,644.0
repair_swap,14,40,644.0
repair_swap,14,41,644.0
repair_swap,14,42,644.0
repair_swap,14,43,644.0
repair_swap,14,44,644.0
repair_swap,14,45,644.0
repair_swap,14,46,644.0
repair_swap,14,47,644.0
repair_swap,14,48,644.0
repair_swap,14,49,644.0
repair_swap,14,50,644.0
repair_swap,14,51,644.0
repair_swap,14,52,644.0
repair_swap,14,53,644.0
repair_swap,14,54,644.0
repair_swap,14,55,644.0
repair_swap,14,56,644.0
repair_swap,14,57,644.0
repair_swap,14,58,644.0
repair_swap,14,59,644.0
repair_swap,14,60,644.0
repair_swap,14,61,644.0
repair_swap,14,62,644.0
repair_swap,14,63,644.0
repair_swap,15,0,581.0
repair_swap,15,1,581.0
repair_swap,15,2,588.0
repair_swap,15,3,627.0
repair_swap,15,4,627.0
repair_swap,15,5,627.0
repair_swap,15,6,636.0
repair_swap,15,7,644.0
repair_swap,15,8,644.0
repair_swap,15,9,648.0
repair_swap,15,10,648.0
repair_swap,15,11,648.0
repair_swap,15,12,648.0
repair_swap,15,13,648.0
repair_swap,15,14,648.0
repair_swap,15,15,648.0
repair_swap,15,16,648.0
repair_swap,15,17,648.0
repair_swap,15,18,648.0
repair_swap,15,19,648.0
repair_swap,15,20,648.0
repair_swap,15,21,648.0
repair_swap,15,22,648.0
repair_swap,15,23,648.0
repair_swap,15,24,648.0
repair_swap,15,25,648.0
repair_swap,15,26,648.0
repair_swap,15,27,648.0
repair_swap,15,28,648.0
repair_swap,15,29,648.0
repair_swap,15,30,648.0
repair_swap,15,31,648.0
repair_swap,15,32,648.0
repair_swap,15,33,648.0
repair_swap,15,34,648.0
repair_swap,15,35,648.0
repair_swap,15,36,648.0
repair_swap,15,37,648.0
repair_swap,15,38,648.0
repair_swap,15,39,648.0
repair_swap,15,40,648.0
repair_swap,15,41,648.0
repair_swap,15,42,648.0
repair_swap,15,43,648.0
repair_swap,15,44,648.0
repair_swap,15,45,648.0
repair_swap,15,46,648.0
repair_swap,15,47,648.0
repair_swap,15,48,648.0
repair_swap,15,49,648.0
repair_swap,15,50,648.0
repair_swap,15,51,648.0
repair_swap,15,52,648.0
repair_swap,15,53,648.0
repair_swap,15,54,648.0
repair_swap,15,55,648.0
repair_swap,15,56,648.0
repair_swap,15,57,648.0
repair_swap,15,58,648.0
repair_swap,15,59,648.0
repair_swap,15,60,648.0
repair_swap,15,61,648.0
repair_swap,15,62,648.0
repair_swap,15,63,648.0
repair_swap,16,0,547.0
repair_swap,16,1,563.0
repair_swap,16,2,610.0
repair_swap,16,3,610.0
repair_swap,16,4,613.0
repair_swap,16,5,613.0
repair_swap,16,6,619.0
repair_swap,16,7,625.0
repair_swap,16,8,625.0
repair_swap,16,9,627.0
repair_swap,16,10,640.0
repair_swap,16,11,640.0
repair_swap,16,12,648.0
repair_swap,16,13,648.0
repair_swap,16,14,648.0
repair_swap,16,15,648.0
repair_swap,16,16,648.0
repair_swap,16,17,648.0
repair_swap,16,18,648.0
repair_swap,16,19,648.0
repair_swap,16,20,648.0
repair_swap,16,21,648.0
repair_swap,16,22,648.0
repair_swap,16,23,648.0
repair_swap,16,24,648.0
repair_swap,16,25,648.0
repair_swap,16,26,648.0
repair_swap,16,27,648.0
repair_swap,16,28,648.0
repair_swap,16,29,648.0
repair_swap,16,30,648.0
repair_swap,16,31,648.0
repair_swap,16,32,648.0
repair_swap,16,33,648.0
repair_swap,16,34,648.0
repair_swap,16,35,648.0
repair_swap,16,36,648.0
repair_swap,16,37,648.0
repair_swap,16,38,648.0
repair_swap,16,39,648.0
repair_swap,16,40,648.0
repair_swap,16,41,648.0
repair_swap,16,42,648.0
repair_swap,16,43,648.0
repair_swap,16,44,648.0
repair_swap,16,45,648.0
repair_swap,16,46,648.0
repair_swap,16,47,648.0
repair_swap,16,48,648.0
repair_swap,16,49,648.0
repair_swap,16,50,648.0
repair_swap,16,51,648.0
repair_swap,16,52,648.0
repair_swap,16,53,648.0
repair_swap,16,54,648.0
repair_swap,16,55,648.0
repair_swap,16,56,648.0
repair_swap,16,57,648.0
repair_swap,16,58,648.0
repair_swap,16,59,648.0
repair_swap,16,60,648.0
repair_swap,16,61,648.0
repair_swap,16,62,648.0
repair_swap,16,63,648.0
repair_swap,17,0,540.0
repair_swap,17,1,549.0
repair_swap,17,2,557.0
repair_swap,17,3,577.0
repair_swap,17,4,612.0
repair_swap,17,5,612.0
repair_swap,17,6,612.0
repair_swap,17,7,612.0
repair_swap,17,8,612.0
repair_swap,17,9,612.0
repair_swap,17,10,612.0
repair_swap,17,11,612.0
repair_swap,17,12,612.0
repair_swap,17,13,621.0
repair_swap,17,14,621.0
repair_swap,17,15,623.0
repair_swap,17,16,623.0
repair_swap,17,17,634.0
repair_swap,17,18,637.0
repair_swap,17,19,637.0
repair_swap,17,20,637.0
repair_swap,17,21,637.0
repair_swap,17,22,637.0
repair_swap,17,23,637.0
repair_swap,17,24,637.0
repair_swap,17,25,637.0
repair_swap,17,26,637.0
repair_swap,17,27,637.0
repair_swap,17,28,637.0
repair_swap,17,29,637.0
repair_swap,17,30,637.0
repair_swap,17,31,637.0
repair_swap,17,32,637.0
repair_swap,17,33,637.0
repair_swap,17,34,637.0
repair_swap,17,35,637.0
repair_swap,17,36,637.0
repair_swap,17,37,637.0
repair_swap,17,38,637.0
repair_swap,17,39,637.0
repair_swap,17,40,637.0
repair_swap,17,41,637.0
repair_swap,17,42,637.0
repair_swap,17,43,637.0
repair_swap,17,44,637.0
repair_swap,17,45,637.0
repair_swap,17,46,637.0
repair_swap,17,47,637.0
repair_swap,17,48,637.0
repair_swap,17,49,637.0
repair_swap,17,50,637.0
repair_swap,17,51,637.0
repair_swap,17,52,637.0
repair_swap,17,53,637.0
repair_swap,17,54,637.0
repair_swap,17,55,637.0
repair_swap,17,56,637.0
repair_swap,17,57,637.0
repair_swap,17,58,637.0
repair_swap,17,59,637.0
repair_swap,17,60,637.0
repair_swap,17,61,637.0
repair_swap,17,62,637.0
repair_swap,17,63,637.0
repair_swap,18,0,498.0
repair_swap,18,1,550.0
repair_swap,18,2,550.0
repair_swap,18,3,559.0
repair_swap,18,4,604.0
repair_swap,18,5,620.0
repair_swap,18,6,620.0
repair_swap,18,7,640.0
repair_swap,18,8,640.0
repair_swap,18,9,640.0
repair_swap,18,10,640.0
repair_swap,18,11,640.0
repair_swap,18,12,640.0
repair_swap,18,13,648.0
repair_swap,18,14,648.0
repair_swap,18,15,648.0
repair_swap,18,16,648.0
repair_swap,18,17,648.0
repair_swap,18,18,648.0
repair_swap,18,19,648.0
repair_swap,18,20,648.0
repair_swap,18,21,648.0
repair_swap,18,22,648.0
repair_swap,18,23,648.0
repair_swap,18,24,648.0
repair_swap,18,25,648.0
repair_swap,18,26,648.0
repair_swap,18,27,648.0
repair_swap,18,28,648.0
repair_swap,18,29,648.0
repair_swap,18,30,648.0
repair_swap,18,31,648.0
repair_swap,18,32,648.0
repair_swap,18,33,648.0
repair_swap,18,34,648.0
repair_swap,18,35,648.0
repair_swap,18,36,648.0
repair_swap,18,37,648.0
repair_swap,18,38,648.0
repair_swap,18,39,648.0
repair_swap,18,40,648.0
repair_swap,18,41,648.0
repair_swap,18,42,648.0
repair_swap,18,43,648.0
repair_swap,18,44,648.0
repair_swap,18,45,648.0
repair_swap,18,46,648.0
repair_swap,18,47,648.0
repair_swap,18,48,648.0
repair_swap,18,49,648.0
repair_swap,18,50,648.0
repair_swap,18,51,648.0
repair_swap,18,52,648.0
repair_swap,18,53,648.0
repair_swap,18,54,648.0
repair_swap,18,55,648.0
repair_swap,18,56,648.0
repair_swap,18,57,648.0
repair_swap,18,58,648.0
repair_swap,18,59,648.0
repair_swap,18,60,648.0
repair_swap,18,61,648.0
repair_swap,18,62,648.0
repair_swap,18,63,648.0
repair_swap,19,0,537.0
repair_swap,19,1,537.0
repair_swap,19,2,565.0
repair_swap,19,3,575.0
repair_swap,19,4,605.0
repair_swap,19,5,605.0
repair_swap,19,6,605.0
repair_swap,19,7,605.0
repair_swap,19,8,610.0
repair_swap,19,9,631.0
repair_swap,19,10,644.0
repair_swap,19,11,644.0
repair_swap,19,12,648.0
repair_swap,19,13,648.0
repair_swap,19,14,648.0
repair_swap,19,15,648.0
repair_swap,19,16,648.0
repair_swap,19,17,648.0
repair_swap,19,18,648.0
repair_swap,19,19,648.0
repair_swap,19,20,648.0
repair_swap,19,21,648.0
repair_swap,19,22,648.0
repair_swap,19,23,648.0
repair_swap,19,24,648.0
repair_swap,19,25,648.0
repair_swap,19,26,648.0
repair_swap,19,27,648.0
repair_swap,19,28,648.0
repair_swap,19,29,648.0
repair_swap,19,30,648.0
repair_swap,19,31,648.0
repair_swap,19,32,648.0
repair_swap,19,33,648.0
repair_swap,19,34,648.0
repair_swap,19,35,648.0
repair_swap,19,36,648.0
repair_swap,19,37,648.0
repair_swap,19,38,648.0
repair_swap,19,39,648.0
repair_swap,19,40,648.0
repair_swap,19,41,648.0
repair_swap,19,42,648.0
repair_swap,19,43,648.0
repair_swap,19,44,648.0
repair_swap,19,45,648.0
repair_swap,19,46,648.0
repair_swap,19,47,648.0
repair_swap,19,48,648.0
repair_swap,19,49,648.0
repair_swap,19,50,648.0
repair_swap,19,51,648.0
repair_swap,19,52,648.0
repair_swap,19,53,648.0
repair_swap,19,54,648.0
repair_swap,19,55,648.0
repair_swap,19,56,648.0
repair_swap,19,57,648.0
repair_swap,19,58,648.0
repair_swap,19,59,648.0
repair_swap,19,60,648.0
repair_swap,19,61,648.0
repair_swap,19,62,648.0
repair_swap,19,63,648.0
random_repair,0,0,551.0
random_repair,0,1,632.0
random_repair,0,2,632.0
random_repair,0,3,632.0
random_repair,0,4,632.0
random_repair,0,5,632.0
random_repair,0,6,632.0
random_repair,0,7,632.0
random_repair,0,8,632.0
random_repair,0,9,632.0
random_repair,0,10,632.0
random_repair,0,11,632.0
random_repair,0,12,632.0
random_repair,0,13,632.0
random_repair,0,14,632.0
random_repair,0,15,632.0
random_repair,0,16,632.0
random_repair,0,17,632.0
random_repair,0,18,632.0
random_repair,0,19,644.0
random_repair,0,20,644.0
random_repair,0,21,644.0
random_repair,0,22,644.0
random_repair,0,23,644.0
random_repair,0,24,644.0
random_repair,0,25,644.0
random_repair,0,26,644.0
random_repair,0,27,644.0
random_repair,0,28,644.0
random_repair,0,29,644.0
random_repair,0,30,644.0
random_repair,0,31,644.0
random_repair,0,32,644.0
random_repair,0,33,644.0
random_repair,0,34,644.0
random_repair,0,35,644.0
random_repair,0,36,644.0
random_repair,0,37,644.0
random_repair,0,38,644.0
random_repair,0,39,644.0
random_repair,0,40,644.0
random_repair,0,41,644.0
random_repair,0,42,644.0
random_repair,0,43,644.0
random_repair,0,44,644.0
random_repair,0,45,644.0
random_repair,0,46,644.0
random_repair,0,47,644.0
random_repair,0,48,644.0
random_repair,0,49,644.0
random_repair,0,50,644.0
random_repair,0,51,644.0
random_repair,0,52,644.0
random_repair,0,53,644.0
random_repair,0,54,644.0
random_repair,0,55,644.0
random_repair,0,56,644.0
random_repair,0,57,644.0
random_repair,0,58,644.0
random_repair,0,59,644.0
random_repair,0,60,644.0
random_repair,0,61,644.0
random_repair,0,62,644.0
random_repair,0,63,644.0
random_repair,1,0,565.0
random_repair,1,1,614.0
random_repair,1,2,648.0
random_repair,1,3,648.0
random_repair,1,4,648.0
random_repair,1,5,648.0
random_repair,1,6,648.0
random_repair,1,7,648.0
random_repair,1,8,648.0
random_repair,1,9,648.0
random_repair,1,10,648.0
random_repair,1,11,648.0
random_repair,1,12,648.0
random_repair,1,13,648.0
random_repair,1,14,648.0
random_repair,1,15,648.0
random_repair,1,16,648.0
random_repair,1,17,648.0
random_repair,1,18,648.0
random_repair,1,19,648.0
random_repair,1,20,648.0
random_repair,1,21,648.0
random_repair,1,22,648.0
random_repair,1,23,648.0
random_repair,1,24,648.0
random_repair,1,25,648.0
random_repair,1,26,648.0
random_repair,1,27,648.0
random_repair,1,28,648.0
random_repair,1,29,648.0
random_repair,1,30,648.0
random_repair,1,31,648.0
random_repair,1,32,648.0
random_repair,1,33,648.0
random_repair,1,34,648.0
random_repair,1,35,648.0
random_repair,1,36,648.0
random_repair,1,37,648.0
random_repair,1,38,648.0
random_repair,1,39,648.0
random_repair,1,40,648.0
random_repair,1,41,648.0
random_repair,1,42,648.0
random_repair,1,43,648.0
random_repair,1,44,648.0
random_repair,1,45,648.0
random_repair,1,46,648.0
random_repair,1,47,648.0
random_repair,1,48,648.0
random_repair,1,49,648.0
random_repair,1,50,648.0
random_repair,1,51,648.0
random_repair,1,52,648.0
random_repair,1,53,648.0
random_repair,1,54,648.0
random_repair,1,55,648.0
random_repair,1,56,648.0
random_repair,1,57,648.0
random_repair,1,58,648.0
random_repair,1,59,648.0
random_repair,1,60,648.0
random_repair,1,61,648.0
random_repair,1,62,648.0
random_repair,1,63,648.0
random_repair,2,0,513.0
random_repair,2,1,571.0
random_repair,2,2,575.0
random_repair,2,3,636.0
random_repair,2,4,636.0
random_repair,2,5,636.0
random_repair,2,6,636.0
random_repair,2,7,636.0
random_repair,2,8,648.0
random_repair,2,9,648.0
random_repair,2,10,648.0
random_repair,2,11,648.0
random_repair,2,12,648.0
random_repair,2,13,648.0
random_repair,2,14,648.0
random_repair,2,15,648.0
random_repair,2,16,648.0
random_repair,2,17,648.0
random_repair,2,18,648.0
random_repair,2,19,648.0
random_repair,2,20,648.0
random_repair,2,21,648.0
random_repair,2,22,648.0
random_repair,2,23,648.0
random_repair,2,24,648.0
random_repair,2,25,648.0
random_repair,2,26,648.0
random_repair,2,27,648.0
random_repair,2,28,648.0
random_repair,2,29,648.0
random_repair,2,30,648.0
random_repair,2,31,648.0
random_repair,2,32,648.0
random_repair,2,33,648.0
random_repair,2,34,648.0
random_repair,2,35,648.0
random_repair,2,36,648.0
random_repair,2,37,648.0
random_repair,2,38,648.0
random_repair,2,39,648.0
random_repair,2,40,648.0
random_repair,2,41,648.0
random_repair,2,42,648.0
random_repair,2,43,648.0
random_repair,2,44,648.0
random_repair,2,45,648.0
random_repair,2,46,648.0
random_repair,2,47,648.0
random_repair,2,48,648.0
random_repair,2,49,648.0
random_repair,2,50,648.0
random_repair,2,51,648.0
random_repair,2,52,648.0
random_repair,2,53,648.0
random_repair,2,54,648.0
random_repair,2,55,648.0
random_repair,2,56,648.0
random_repair,2,57,648.0
random_repair,2,58,648.0
random_repair,2,59,648.0
random_repair,2,60,648.0
random_repair,2,61,648.0
random_repair,2,62,648.0
random_repair,2,63,648.0
random_repair,3,0,563.0
random_repair,3,1,598.0
random_repair,3,2,615.0
random_repair,3,3,619.0
random_repair,3,4,625.0
random_repair,3,5,648.0
random_repair,3,6,648.0
random_repair,3,7,648.0
random_repair,3,8,648.0
random_repair,3,9,648.0
random_repair,3,10,648.0
random_repair,3,11,648.0
random_repair,3,12,648.0
random_repair,3,13,648.0
random_repair,3,14,648.0
random_repair,3,15,648.0
random_repair,3,16,648.0
random_repair,3,17,648.0
random_repair,3,18,648.0
random_repair,3,19,648.0
random_repair,3,20,648.0
random_repair,3,21,648.0
random_repair,3,22,648.0
random_repair,3,23,648.0
random_repair,3,24,648.0
random_repair,3,25,648.0
random_repair,3,26,648.0
random_repair,3,27,648.0
random_repair,3,28,648.0
random_repair,3,29,648.0
random_repair,3,30,648.0
random_repair,3,31,648.0
random_repair,3,32,648.0
random_repair,3,33,648.0
random_repair,3,34,648.0
random_repair,3,35,648.0
random_repair,3,36,648.0
random_repair,3,37,648.0
random_repair,3,38,648.0
random_repair,3,39,648.0
random_repair,3,40,648.0
random_repair,3,41,648.0
random_repair,3,42,648.0
random_repair,3,43,648.0
random_repair,3,44,648.0
random_repair,3,45,648.0
random_repair,3,46,648.0
random_repair,3,47,648.0
random_repair,3,48,648.0
random_repair,3,49,648.0
random_repair,3,50,648.0
random_repair,3,51,648.0
random_repair,3,52,648.0
random_repair,3,53,648.0
random_repair,3,54,648.0
random_repair,3,55,648.0
random_repair,3,56,648.0
random_repair,3,57,648.0
random_repair,3,58,648.0
random_repair,3,59,648.0
random_repair,3,60,648.0
random_repair,3,61,648.0
random_repair,3,62,648.0
random_repair,3,63,648.0
random_repair,4,0,543.0
random_repair,4,1,621.0
random_repair,4,2,624.0
random_repair,4,3,627.0
random_repair,4,4,648.0
random_repair,4,5,648.0
random_repair,4,6,648.0
random_repair,4,7,648.0
random_repair,4,8,648.0
random_repair,4,9,648.0
random_repair,4,10,648.0
random_repair,4,11,648.0
random_repair,4,12,648.0
random_repair,4,13,648.0
random_repair,4,14,648.0
random_repair,4,15,648.0
random_repair,4,16,648.0
random_repair,4,17,648.0
random_repair,4,18,648.0
random_repair,4,19,648.0
random_repair,4,20,648.0
random_repair,4,21,648.0
random_repair,4,22,648.0
random_repair,4,23,648.0
random_repair,4,24,648.0
random_repair,4,25,648.0
random_repair,4,26,648.0
random_repair,4,27,648.0
random_repair,4,28,648.0
random_repair,4,29,648.0
random_repair,4,30,648.0
random_repair,4,31,648.0
random_repair,4,32,648.0
random_repair,4,33,648.0
random_repair,4,34,648.0
random_repair,4,35,648.0
random_repair,4,36,648.0
random_repair,4,37,648.0
random_repair,4,38,648.0
random_repair,4,39,648.0
random_repair,4,40,648.0
random_repair,4,41,648.0
random_repair,4,42,648.0
random_repair,4,43,648.0
random_repair,4,44,648.0
random_repair,4,45,648.0
random_repair,4,46,648.0
random_repair,4,47,648.0
random_repair,4,48,648.0
random_repair,4,49,648.0
random_repair,4,50,648.0
random_repair,4,51,648.0
random_repair,4,52,648.0
random_repair,4,53,648.0
random_repair,4,54,648.0
random_repair,4,55,648.0
random_repair,4,56,648.0
random_repair,4,57,648.0
random_repair,4,58,648.0
random_repair,4,59,648.0
random_repair,4,60,648.0
random_repair,4,61,648.0
random_repair,4,62,648.0
random_repair,4,63,648.0
random_repair,5,0,497.0
random_repair,5,1,619.0
random_repair,5,2,625.0
random_repair,5,3,625.0
random_repair,5,4,625.0
random_repair,5,5,625.0
random_repair,5,6,625.0
random_repair,5,7,625.0
random_repair,5,8,625.0
random_repair,5,9,625.0
random_repair,5,10,625.0
random_repair,5,11,632.0
random_repair,5,12,632.0
random_repair,5,13,632.0
random_repair,5,14,632.0
random_repair,5,15,632.0
random_repair,5,16,632.0
random_repair,5,17,632.0
random_repair,5,18,632.0
random_repair,5,19,632.0
random_repair,5,20,632.0
random_repair,5,21,632.0
random_repair,5,22,632.0
random_repair,5,23,632.0
random_repair,5,24,632.0
random_repair,5,25,632.0
random_repair,5,26,632.0
random_repair,5,27,632.0
random_repair,5,28,632.0
random_repair,5,29,636.0
random_repair,5,30,636.0
random_repair,5,31,636.0
random_repair,5,32,636.0
random_repair,5,33,636.0
random_repair,5,34,636.0
random_repair,5,35,636.0
random_repair,5,36,636.0
random_repair,5,37,636.0
random_repair,5,38,636.0
random_repair,5,39,636.0
random_repair,5,40,636.0
random_repair,5,41,636.0
random_repair,5,42,636.0
random_repair,5,43,636.0
random_repair,5,44,640.0
random_repair,5,45,640.0
random_repair,5,46,640.0
random_repair,5,47,640.0
random_repair,5,48,640.0
random_repair,5,49,648.0
random_repair,5,50,648.0
random_repair,5,51,648.0
random_repair,5,52,648.0
random_repair,5,53,648.0
random_repair,5,54,648.0
random_repair,5,55,648.0
random_repair,5,56,648.0
random_repair,5,57,648.0
random_repair,5,58,648.0
random_repair,5,59,648.0
random_repair,5,60,648.0
random_repair,5,61,648.0
random_repair,5,62,648.0
random_repair,5,63,648.0
random_repair,6,0,497.0
random_repair,6,1,619.0
random_repair,6,2,619.0
random_repair,6,3,640.0
random_repair,6,4,640.0
random_repair,6,5,640.0
random_repair,6,6,640.0
random_repair,6,7,640.0
random_repair,6,8,640.0
random_repair,6,9,640.0
random_repair,6,10,640.0
random_repair,6,11,640.0
random_repair,6,12,640.0
random_repair,6,13,640.0
random_repair,6,14,640.0
random_repair,6,15,640.0
random_repair,6,16,640.0
random_repair,6,17,640.0
random_repair,6,18,640.0
random_repair,6,19,640.0
random_repair,6,20,640.0
random_repair,6,21,640.0
random_repair,6,22,640.0
random_repair,6,23,640.0
random_repair,6,24,640.0
random_repair,6,25,640.0
random_repair,6,26,640.0
random_repair,6,27,640.0
random_repair,6,28,640.0
random_repair,6,29,640.0
random_repair,6,30,640.0
random_repair,6,31,640.0
random_repair,6,32,640.0
random_repair,6,33,640.0
random_repair,6,34,640.0
random_repair,6,35,640.0
random_repair,6,36,640.0
random_repair,6,37,640.0
random_repair,6,38,640.0
random_repair,6,39,640.0
random_repair,6,40,640.0
random_repair,6,41,648.0
random_repair,6,42,648.0
random_repair,6,43,648.0
random_repair,6,44,648.0
random_repair,6,45,648.0
random_repair,6,46,648.0
random_repair,6,47,648.0
random_repair,6,48,648.0
random_repair,6,49,648.0
random_repair,6,50,648.0
random_repair,6,51,648.0
random_repair,6,52,648.0
random_repair,6,53,648.0
random_repair,6,54,648.0
random_repair,6,55,648.0
random_repair,6,56,648.0
random_repair,6,57,648.0
random_repair,6,58,648.0
random_repair,6,59,648.0
random_repair,6,60,648.0
random_repair,6,61,648.0
random_repair,6,62,648.0
random_repair,6,63,648.0
random_repair,7,0,581.0
random_repair,7,1,598.0
random_repair,7,2,613.0
random_repair,7,3,636.0
random_repair,7,4,636.0
random_repair,7,5,636.0
random_repair,7,6,636.0
random_repair,7,7,636.0
random_repair,7,8,636.0
random_repair,7,9,636.0
random_repair,7,10,636.0
random_repair,7,11,636.0
random_repair,7,12,636.0
random_repair,7,13,636.0
random_repair,7,14,636.0
random_repair,7,15,636.0
random_repair,7,16,636.0
random_repair,7,17,636.0
random_repair,7,18,636.0
random_repair,7,19,637.0
random_repair,7,20,637.0
random_repair,7,21,637.0
random_repair,7,22,637.0
random_repair,7,23,637.0
random_repair,7,24,637.0
random_repair,7,25,637.0
random_repair,7,26,637.0
random_repair,7,27,637.0
random_repair,7,28,637.0
random_repair,7,29,637.0
random_repair,7,30,637.0
random_repair,7,31,637.0
random_repair,7,32,637.0
random_repair,7,33,637.0
random_repair,7,34,637.0
random_repair,7,35,637.0
random_repair,7,36,637.0
random_repair,7,37,637.0
random_repair,7,38,637.0
random_repair,7,39,637.0
random_repair,7,40,637.0
random_repair,7,41,637.0
random_repair,7,42,637.0
random_repair,7,43,637.0
random_repair,7,44,637.0
random_repair,7,45,637.0
random_repair,7,46,637.0
random_repair,7,47,637.0
random_repair,7,48,637.0
random_repair,7,49,637.0
random_repair,7,50,640.0
random_repair,7,51,640.0
random_repair,7,52,640.0
random_repair,7,53,640.0
random_repair,7,54,640.0
random_repair,7,55,640.0
random_repair,7,56,640.0
random_repair,7,57,640.0
random_repair,7,58,640.0
random_repair,7,59,640.0
random_repair,7,60,640.0
random_repair,7,61,640.0
random_repair,7,62,640.0
random_repair,7,63,640.0
random_repair,8,0,491.0
random_repair,8,1,552.0
random_repair,8,2,640.0
random_repair,8,3,640.0
random_repair,8,4,640.0
random_repair,8,5,640.0
random_repair,8,6,640.0
random_repair,8,7,640.0
random_repair,8,8,640.0
random_repair,8,9,640.0
random_repair,8,10,640.0
random_repair,8,11,640.0
random_repair,8,12,640.0
random_repair,8,13,640.0
random_repair,8,14,640.0
random_repair,8,15,640.0
random_repair,8,16,640.0
random_repair,8,17,640.0
random_repair,8,18,640.0
random_repair,8,19,640.0
random_repair,8,20,640.0
random_repair,8,21,640.0
random_repair,8,22,640.0
random_repair,8,23,640.0
random_repair,8,24,640.0
random_repair,8,25,640.0
random_repair,8,26,640.0
random_repair,8,27,640.0
random_repair,8,28,640.0
random_repair,8,29,640.0
random_repair,8,30,640.0
random_repair,8,31,640.0
random_repair,8,32,640.0
random_repair,8,33,640.0
random_repair,8,34,640.0
random_repair,8,35,640.0
random_repair,8,36,640.0
random_repair,8,37,640.0
random_repair,8,38,640.0
random_repair,8,39,640.0
random_repair,8,40,640.0
random_repair,8,41,640.0
random_repair,8,42,640.0
random_repair,8,43,640.0
random_repair,8,44,640.0
random_repair,8,45,640.0
random_repair,8,46,640.0
random_repair,8,47,640.0
random_repair,8,48,640.0
random_repair,8,49,640.0
random_repair,8,50,640.0
random_repair,8,51,640.0
random_repair,8,52,640.0
random_repair,8,53,640.0
random_repair,8,54,640.0
random_repair,8,55,640.0
random_repair,8,56,640.0
random_repair,8,57,640.0
random_repair,8,58,640.0
random_repair,8,59,640.0
random_repair,8,60,640.0
random_repair,8,61,640.0
random_repair,8,62,640.0
random_repair,8,63,640.0
random_repair,9,0,570.0
random_repair,9,1,608.0
random_repair,9,2,608.0
random_repair,9,3,614.0
random_repair,9,4,619.0
random_repair,9,5,619.0
random_repair,9,6,619.0
random_repair,9,7,636.0
random_repair,9,8,636.0
random_repair,9,9,636.0
random_repair,9,10,644.0
random_repair,9,11,644.0
random_repair,9,12,644.0
random_repair,9,13,644.0
random_repair,9,14,644.0
random_repair,9,15,644.0
random_repair,9,16,644.0
random_repair,9,17,644.0
random_repair,9,18,644.0
random_repair,9,19,644.0
random_repair,9,20,644.0
random_repair,9,21,644.0
random_repair,9,22,644.0
random_repair,9,23,644.0
random_repair,9,24,644.0
random_repair,9,25,644.0
random_repair,9,26,644.0
random_repair,9,27,644.0
random_repair,9,28,644.0
random_repair,9,29,644.0
random_repair,9,30,644.0
random_repair,9,31,644.0
random_repair,9,32,644.0
random_repair,9,33,648.0
random_repair,9,34,648.0
random_repair,9,35,648.0
random_repair,9,36,648.0
random_repair,9,37,648.0
random_repair,9,38,648.0
random_repair,9,39,648.0
random_repair,9,40,648.0
random_repair,9,41,648.0
random_repair,9,42,648.0
random_repair,9,43,648.0
random_repair,9,44,648.0
random_repair,9,45,648.0
random_repair,9,46,648.0
random_repair,9,47,648.0
random_repair,9,48,648.0
random_repair,9,49,648.0
random_repair,9,50,648.0
random_repair,9,51,648.0
random_repair,9,52,648.0
random_repair,9,53,648.0
random_repair,9,54,648.0
random_repair,9,55,648.0
random_repair,9,56,648.0
random_repair,9,57,648.0
random_repair,9,58,648.0
random_repair,9,59,648.0
random_repair,9,60,648.0
random_repair,9,61,648.0
random_repair,9,62,648.0
random_repair,9,63,648.0
random_repair,10,0,560.0
random_repair,10,1,593.0
random_repair,10,2,619.0
random_repair,10,3,619.0
random_repair,10,4,619.0
random_repair,10,5,619.0
random_repair,10,6,634.0
random_repair,10,7,634.0
random_repair,10,8,634.0
random_repair,10,9,634.0
random_repair,10,10,648.0
random_repair,10,11,648.0
random_repair,10,12,648.0
random_repair,10,13,648.0
random_repair,10,14,648.0
random_repair,10,15,648.0
random_repair,10,16,648.0
random_repair,10,17,648.0
random_repair,10,18,648.0
random_repair,10,19,648.0
random_repair,10,20,648.0
random_repair,10,21,648.0
random_repair,10,22,648.0
random_repair,10,23,648.0
random_repair,10,24,648.0
random_repair,10,25,648.0
random_repair,10,26,648.0
random_repair,10,27,648.0
random_repair,10,28,648.0
random_repair,10,29,648.0
random_repair,10,30,648.0
random_repair,10,31,648.0
random_repair,10,32,648.0
random_repair,10,33,648.0
random_repair,10,34,648.0
random_repair,10,35,648.0
random_repair,10,36,648.0
random_repair,10,37,648.0
random_repair,10,38,648.0
random_repair,10,39,648.0
random_repair,10,40,648.0
random_repair,10,41,648.0
random_repair,10,42,648.0
random_repair,10,43,648.0
random_repair,10,44,648.0
random_repair,10,45,648.0
random_repair,10,46,648.0
random_repair,10,47,648.0
random_repair,10,48,648.0
random_repair,10,49,648.0
random_repair,10,50,648.0
random_repair,10,51,648.0
random_repair,10,52,648.0
random_repair,10,53,648.0
random_repair,10,54,648.0
random_repair,10,55,648.0
random_repair,10,56,648.0
random_repair,10,57,648.0
random_repair,10,58,648.0
random_repair,10,59,648.0
random_repair,10,60,648.0
random_repair,10,61,648.0
random_repair,10,62,648.0
random_repair,10,63,648.0
random_repair,11,0,527.0
random_repair,11,1,559.0
random_repair,11,2,624.0
random_repair,11,3,631.0
random_repair,11,4,631.0
random_repair,11,5,631.0
random_repair,11,6,631.0
random_repair,11,7,631.0
random_repair,11,8,631.0
random_repair,11,9,631.0
random_repair,11,10,631.0
random_repair,11,11,640.0
random_repair,11,12,640.0
random_repair,11,13,640.0
random_repair,11,14,640.0
random_repair,11,15,648.0
random_repair,11,16,648.0
random_repair,11,17,648.0
random_repair,11,18,648.0
random_repair,11,19,648.0
random_repair,11,20,648.0
random_repair,11,21,648.0
random_repair,11,22,648.0
random_repair,11,23,648.0
random_repair,11,24,648.0
random_repair,11,25,648.0
random_repair,11,26,648.0
random_repair,11,27,648.0
random_repair,11,28,648.0
random_repair,11,29,648.0
random_repair,11,30,648.0
random_repair,11,31,648.0
random_repair,11,32,648.0
random_repair,11,33,648.0
random_repair,11,34,648.0
random_repair,11,35,648.0
random_repair,11,36,648.0
random_repair,11,37,648.0
random_repair,11,38,648.0
random_repair,11,39,648.0
random_repair,11,40,648.0
random_repair,11,41,648.0
random_repair,11,42,648.0
random_repair,11,43,648.0
random_repair,11,44,648.0
random_repair,11,45,648.0
random_repair,11,46,648.0
random_repair,11,47,648.0
random_repair,11,48,648.0
random_repair,11,49,648.0
random_repair,11,50,648.0
random_repair,11,51,648.0
random_repair,11,52,648.0
random_repair,11,53,648.0
random_repair,11,54,648.0
random_repair,11,55,648.0
random_repair,11,56,648.0
random_repair,11,57,648.0
random_repair,11,58,648.0
random_repair,11,59,648.0
random_repair,11,60,648.0
random_repair,11,61,648.0
random_repair,11,62,648.0
random_repair,11,63,648.0
random_repair,12,0,581.0
random_repair,12,1,624.0
random_repair,12,2,624.0
random_repair,12,3,624.0
random_repair,12,4,625.0
random_repair,12,5,625.0
random_repair,12,6,625.0
random_repair,12,7,625.0
random_repair,12,8,629.0
random_repair,12,9,629.0
random_repair,12,10,629.0
random_repair,12,11,631.0
random_repair,12,12,631.0
random_repair,12,13,631.0
random_repair,12,14,631.0
random_repair,12,15,631.0
random_repair,12,16,636.0
random_repair,12,17,636.0
random_repair,12,18,636.0
random_repair,12,19,636.0
random_repair,12,20,636.0
random_repair,12,21,636.0
random_repair,12,22,636.0
random_repair,12,23,636.0
random_repair,12,24,636.0
random_repair,12,25,636.0
random_repair,12,26,636.0
random_repair,12,27,636.0
random_repair,12,28,636.0
random_repair,12,29,636.0
random_repair,12,30,636.0
random_repair,12,31,636.0
random_repair,12,32,636.0
random_repair,12,33,636.0
random_repair,12,34,636.0
random_repair,12,35,644.0
random_repair,12,36,644.0
random_repair,12,37,644.0
random_repair,12,38,644.0
random_repair,12,39,644.0
random_repair,12,40,644.0
random_repair,12,41,644.0
random_repair,12,42,648.0
random_repair,12,43,648.0
random_repair,12,44,648.0
random_repair,12,45,648.0
random_repair,12,46,648.0
random_repair,12,47,648.0
random_repair,12,48,648.0
random_repair,12,49,648.0
random_repair,12,50,648.0
random_repair,12,51,648.0
random_repair,12,52,648.0
random_repair,12,53,648.0
random_repair,12,54,648.0
random_repair,12,55,648.0
random_repair,12,56,648.0
random_repair,12,57,648.0
random_repair,12,58,648.0
random_repair,12,59,648.0
random_repair,12,60,648.0
random_repair,12,61,648.0
random_repair,12,62,648.0
random_repair,12,63,648.0
random_repair,13,0,519.0
random_repair,13,1,608.0
random_repair,13,2,613.0
random_repair,13,3,624.0
random_repair,13,4,624.0
random_repair,13,5,624.0
random_repair,13,6,624.0
random_repair,13,7,624.0
random_repair,13,8,624.0
random_repair,13,9,624.0
random_repair,13,10,636.0
random_repair,13,11,636.0
random_repair,13,12,636.0
random_repair,13,13,636.0
random_repair,13,14,636.0
random_repair,13,15,636.0
random_repair,13,16,636.0
random_repair,13,17,636.0
random_repair,13,18,636.0
random_repair,13,19,636.0
random_repair,13,20,636.0
random_repair,13,21,636.0
random_repair,13,22,636.0
random_repair,13,23,636.0
random_repair,13,24,636.0
random_repair,13,25,636.0
random_repair,13,26,640.0
random_repair,13,27,640.0
random_repair,13,28,640.0
random_repair,13,29,640.0
random_repair,13,30,640.0
random_repair,13,31,640.0
random_repair,13,32,640.0
random_repair,13,33,640.0
random_repair,13,34,640.0
random_repair,13,35,640.0
random_repair,13,36,640.0
random_repair,13,37,640.0
random_repair,13,38,640.0
random_repair,13,39,640.0
random_repair,13,40,640.0
random_repair,13,41,640.0
random_repair,13,42,640.0
random_repair,13,43,640.0
random_repair,13,44,640.0
random_repair,13,45,640.0
random_repair,13,46,640.0
random_repair,13,47,640.0
random_repair,13,48,640.0
random_repair,13,49,640.0
random_repair,13,50,640.0
random_repair,13,51,640.0
random_repair,13,52,640.0
random_repair,13,53,640.0
random_repair,13,54,640.0
random_repair,13,55,640.0
random_repair,13,56,640.0
random_repair,13,57,640.0
random_repair,13,58,640.0
random_repair,13,59,640.0
random_repair,13,60,640.0
random_repair,13,61,640.0
random_repair,13,62,640.0
random_repair,13,63,640.0
random_repair,14,0,547.0
random_repair,14,1,577.0
random_repair,14,2,624.0
random_repair,14,3,624.0
random_repair,14,4,624.0
random_repair,14,5,636.0
random_repair,14,6,636.0
random_repair,14,7,648.0
random_repair,14,8,648.0
random_repair,14,9,648.0
random_repair,14,10,648.0
random_repair,14,11,648.0
random_repair,14,12,648.0
random_repair,14,13,648.0
random_repair,14,14,648.0
random_repair,14,15,648.0
random_repair,14,16,648.0
random_repair,14,17,648.0
random_repair,14,18,648.0
random_repair,14,19,648.0
random_repair,14,20,648.0
random_repair,14,21,648.0
random_repair,14,22,648.0
random_repair,14,23,648.0
random_repair,14,24,648.0
random_repair,14,25,648.0
random_repair,14,26,648.0
random_repair,14,27,648.0
random_repair,14,28,648.0
random_repair,14,29,648.0
random_repair,14,30,648.0
random_repair,14,31,648.0
random_repair,14,32,648.0
random_repair,14,33,648.0
random_repair,14,34,648.0
random_repair,14,35,648.0
random_repair,14,36,648.0
random_repair,14,37,648.0
random_repair,14,38,648.0
random_repair,14,39,648.0
random_repair,14,40,648.0
random_repair,14,41,648.0
random_repair,14,42,648.0
random_repair,14,43,648.0
random_repair,14,44,648.0
random_repair,14,45,648.0
random_repair,14,46,648.0
random_repair,14,47,648.0
random_repair,14,48,648.0
random_repair,14,49,648.0
random_repair,14,50,648.0
random_repair,14,51,648.0
random_repair,14,52,648.0
random_repair,14,53,648.0
random_repair,14,54,648.0
random_repair,14,55,648.0
random_repair,14,56,648.0
random_repair,14,57,648.0
random_repair,14,58,648.0
random_repair,14,59,648.0
random_repair,14,60,648.0
random_repair,14,61,648.0
random_repair,14,62,648.0
random_repair,14,63,648.0
random_repair,15,0,581.0
random_repair,15,1,636.0
random_repair,15,2,636.0
random_repair,15,3,636.0
random_repair,15,4,636.0
random_repair,15,5,636.0
random_repair,15,6,636.0
random_repair,15,7,640.0
random_repair,15,8,640.0
random_repair,15,9,640.0
random_repair,15,10,640.0
random_repair,15,11,640.0
random_repair,15,12,640.0
random_repair,15,13,640.0
random_repair,15,14,640.0
random_repair,15,15,640.0
random_repair,15,16,640.0
random_repair,15,17,640.0
random_repair,15,18,640.0
random_repair,15,19,640.0
random_repair,15,20,640.0
random_repair,15,21,640.0
random_repair,15,22,640.0
random_repair,15,23,640.0
random_repair,15,24,640.0
random_repair,15,25,640.0
random_repair,15,26,640.0
random_repair,15,27,640.0
random_repair,15,28,640.0
random_repair,15,29,640.0
random_repair,15,30,648.0
random_repair,15,31,648.0
random_repair,15,32,648.0
random_repair,15,33,648.0
random_repair,15,34,648.0
random_repair,15,35,648.0
random_repair,15,36,648.0
random_repair,15,37,648.0
random_repair,15,38,648.0
random_repair,15,39,648.0
random_repair,15,40,648.0
random_repair,15,41,648.0
random_repair,15,42,648.0
random_repair,15,43,648.0
random_repair,15,44,648.0
random_repair,15,45,648.0
random_repair,15,46,648.0
random_repair,15,47,648.0
random_repair,15,48,648.0
random_repair,15,49,648.0
random_repair,15,50,648.0
random_repair,15,51,648.0
random_repair,15,52,648.0
random_repair,15,53,648.0
random_repair,15,54,648.0
random_repair,15,55,648.0
random_repair,15,56,648.0
random_repair,15,57,648.0
random_repair,15,58,648.0
random_repair,15,59,648.0
random_repair,15,60,648.0
random_repair,15,61,648.0
random_repair,15,62,648.0
random_repair,15,63,648.0
random_repair,16,0,547.0
random_repair,16,1,591.0
random_repair,16,2,591.0
random_repair,16,3,620.0
random_repair,16,4,620.0
random_repair,16,5,623.0
random_repair,16,6,636.0
random_repair,16,7,636.0
random_repair,16,8,636.0
random_repair,16,9,636.0
random_repair,16,10,636.0
random_repair,16,11,640.0
random_repair,16,12,648.0
random_repair,16,13,648.0
random_repair,16,14,648.0
random_repair,16,15,648.0
random_repair,16,16,648.0
random_repair,16,17,648.0
random_repair,16,18,648.0
random_repair,16,19,648.0
random_repair,16,20,648.0
random_repair,16,21,648.0
random_repair,16,22,648.0
random_repair,16,23,648.0
random_repair,16,24,648.0
random_repair,16,25,648.0
random_repair,16,26,648.0
random_repair,16,27,648.0
random_repair,16,28,648.0
random_repair,16,29,648.0
random_repair,16,30,648.0
random_repair,16,31,648.0
random_repair,16,32,648.0
random_repair,16,33,648.0
random_repair,16,34,648.0
random_repair,16,35,648.0
random_repair,16,36,648.0
random_repair,16,37,648.0
random_repair,16,38,648.0
random_repair,16,39,648.0
random_repair,16,40,648.0
random_repair,16,41,648.0
random_repair,16,42,648.0
random_repair,16,43,648.0
random_repair,16,44,648.0
random_repair,16,45,648.0
random_repair,16,46,648.0
random_repair,16,47,648.0
random_repair,16,48,648.0
random_repair,16,49,648.0
random_repair,16,50,648.0
random_repair,16,51,648.0
random_repair,16,52,648.0
random_repair,16,53,648.0
random_repair,16,54,648.0
random_repair,16,55,648.0
random_repair,16,56,648.0
random_repair,16,57,648.0
random_repair,16,58,648.0
random_repair,16,59,648.0
random_repair,16,60,648.0
random_repair,16,61,648.0
random_repair,16,62,648.0
random_repair,16,63,648.0
random_repair,17,0,540.0
random_repair,17,1,604.0
random_repair,17,2,624.0
random_repair,17,3,624.0
random_repair,17,4,631.0
random_repair,17,5,636.0
random_repair,17,6,636.0
random_repair,17,7,636.0
random_repair,17,8,636.0
random_repair,17,9,636.0
random_repair,17,10,636.0
random_repair,17,11,636.0
random_repair,17,12,636.0
random_repair,17,13,636.0
random_repair,17,14,636.0
random_repair,17,15,636.0
random_repair,17,16,636.0
random_repair,17,17,636.0
random_repair,17,18,636.0
random_repair,17,19,636.0
random_repair,17,20,636.0
random_repair,17,21,636.0
random_repair,17,22,636.0
random_repair,17,23,636.0
random_repair,17,24,636.0
random_repair,17,25,636.0
random_repair,17,26,636.0
random_repair,17,27,636.0
random_repair,17,28,636.0
random_repair,17,29,636.0
random_repair,17,30,636.0
random_repair,17,31,636.0
random_repair,17,32,636.0
random_repair,17,33,636.0
random_repair,17,34,636.0
random_repair,17,35,636.0
random_repair,17,36,636.0
random_repair,17,37,636.0
random_repair,17,38,636.0
random_repair,17,39,648.0
random_repair,17,40,648.0
random_repair,17,41,648.0
random_repair,17,42,648.0
random_repair,17,43,648.0
random_repair,17,44,648.0
random_repair,17,45,648.0
random_repair,17,46,648.0
random_repair,17,47,648.0
random_repair,17,48,648.0
random_repair,17,49,648.0
random_repair,17,50,648.0
random_repair,17,51,648.0
random_repair,17,52,648.0
random_repair,17,53,648.0
random_repair,17,54,648.0
random_repair,17,55,648.0
random_repair,17,56,648.0
random_repair,17,57,648.0
random_repair,17,58,648.0
random_repair,17,59,648.0
random_repair,17,60,648.0
random_repair,17,61,648.0
random_repair,17,62,648.0
random_repair,17,63,648.0
random_repair,18,0,498.0
random_repair,18,1,612.0
random_repair,18,2,614.0
random_repair,18,3,614.0
random_repair,18,4,614.0
random_repair,18,5,614.0
random_repair,18,6,614.0
random_repair,18,7,614.0
random_repair,18,8,614.0
random_repair,18,9,614.0
random_repair,18,10,634.0
random_repair,18,11,634.0
random_repair,18,12,634.0
random_repair,18,13,634.0
random_repair,18,14,634.0
random_repair,18,15,634.0
random_repair,18,16,648.0
random_repair,18,17,648.0
random_repair,18,18,648.0
random_repair,18,19,648.0
random_repair,18,20,648.0
random_repair,18,21,648.0
random_repair,18,22,648.0
random_repair,18,23,648.0
random_repair,18,24,648.0
random_repair,18,25,648.0
random_repair,18,26,648.0
random_repair,18,27,648.0
random_repair,18,28,648.0
random_repair,18,29,648.0
random_repair,18,30,648.0
random_repair,18,31,648.0
random_repair,18,32,648.0
random_repair,18,33,648.0
random_repair,18,34,648.0
random_repair,18,35,648.0
random_repair,18,36,648.0
random_repair,18,37,648.0
random_repair,18,38,648.0
random_repair,18,39,648.0
random_repair,18,40,648.0
random_repair,18,41,648.0
random_repair,18,42,648.0
random_repair,18,43,648.0
random_repair,18,44,648.0
random_repair,18,45,648.0
random_repair,18,46,648.0
random_repair,18,47,648.0
random_repair,18,48,648.0
random_repair,18,49,648.0
random_repair,18,50,648.0
random_repair,18,51,648.0
random_repair,18,52,648.0
random_repair,18,53,648.0
random_repair,18,54,648.0
random_repair,18,55,648.0
random_repair,18,56,648.0
random_repair,18,57,648.0
random_repair,18,58,648.0
random_repair,18,59,648.0
random_repair,18,60,648.0
random_repair,18,61,648.0
random_repair,18,62,648.0
random_repair,18,63,648.0
random_repair,19,0,537.0
random_repair,19,1,591.0
random_repair,19,2,613.0
random_repair,19,3,613.0
random_repair,19,4,613.0
random_repair,19,5,613.0
random_repair,19,6,613.0
random_repair,19,7,613.0
random_repair,19,8,644.0
random_repair,19,9,644.0
random_repair,19,10,644.0
random_repair,19,11,644.0
random_repair,19,12,644.0
random_repair,19,13,644.0
random_repair,19,14,644.0
random_repair,19,15,644.0
random_repair,19,16,644.0
random_repair,19,17,644.0
random_repair,19,18,644.0
random_repair,19,19,644.0
random_repair,19,20,644.0
random_repair,19,21,644.0
random_repair,19,22,644.0
random_repair,19,23,644.0
random_repair,19,24,644.0
random_repair,19,25,644.0
random_repair,19,26,644.0
random_repair,19,27,644.0
random_repair,19,28,644.0
random_repair,19,29,644.0
random_repair,19,30,644.0
random_repair,19,31,644.0
random_repair,19,32,644.0
random_repair,19,33,644.0
random_repair,19,34,644.0
random_repair,19,35,644.0
random_repair,19,36,644.0
random_repair,19,37,644.0
random_repair,19,38,644.0
random_repair,19,39,644.0
random_repair,19,40,644.0
random_repair,19,41,644.0
random_repair,19,42,644.0
random_repair,19,43,644.0
random_repair,19,44,644.0
random_repair,19,45,644.0
random_repair,19,46,644.0
random_repair,19,47,644.0
random_repair,19,48,644.0
random_repair,19,49,644.0
random_repair,19,50,644.0
random_repair,19,51,644.0
random_repair,19,52,644.0
random_repair,19,53,644.0
random_repair,19,54,644.0
random_repair,19,55,644.0
random_repair,19,56,644.0
random_repair,19,57,644.0
random_repair,19,58,644.0
random_repair,19,59,644.0
random_repair,19,60,644.0
random_repair,19,61,644.0
random_repair,19,62,644.0
random_repair,19,63,644.0
